-- MySQL dump 10.13  Distrib 5.7.9, for Win64 (x86_64)
--
-- Host: 127.0.0.1    Database: thesis
-- ------------------------------------------------------
-- Server version	5.7.12-log

/*!40101 SET @OLD_CHARACTER_SET_CLIENT=@@CHARACTER_SET_CLIENT */;
/*!40101 SET @OLD_CHARACTER_SET_RESULTS=@@CHARACTER_SET_RESULTS */;
/*!40101 SET @OLD_COLLATION_CONNECTION=@@COLLATION_CONNECTION */;
/*!40101 SET NAMES utf8 */;
/*!40103 SET @OLD_TIME_ZONE=@@TIME_ZONE */;
/*!40103 SET TIME_ZONE='+00:00' */;
/*!40014 SET @OLD_UNIQUE_CHECKS=@@UNIQUE_CHECKS, UNIQUE_CHECKS=0 */;
/*!40014 SET @OLD_FOREIGN_KEY_CHECKS=@@FOREIGN_KEY_CHECKS, FOREIGN_KEY_CHECKS=0 */;
/*!40101 SET @OLD_SQL_MODE=@@SQL_MODE, SQL_MODE='NO_AUTO_VALUE_ON_ZERO' */;
/*!40111 SET @OLD_SQL_NOTES=@@SQL_NOTES, SQL_NOTES=0 */;

--
-- Table structure for table `category`
--

DROP TABLE IF EXISTS `category`;
/*!40101 SET @saved_cs_client     = @@character_set_client */;
/*!40101 SET character_set_client = utf8 */;
CREATE TABLE `category` (
  `id` int(11) NOT NULL AUTO_INCREMENT,
  `category` varchar(100) NOT NULL,
  PRIMARY KEY (`id`)
) ENGINE=InnoDB AUTO_INCREMENT=14 DEFAULT CHARSET=utf8;
/*!40101 SET character_set_client = @saved_cs_client */;

--
-- Dumping data for table `category`
--

LOCK TABLES `category` WRITE;
/*!40000 ALTER TABLE `category` DISABLE KEYS */;
INSERT INTO `category` VALUES (1,'PERSON'),(2,'LOCATION'),(3,'ORGANIZATION'),(4,'MISC'),(5,'MONEY'),(6,'NUMBER'),(7,'ORDINAL'),(8,'PERCENT'),(9,'DATE'),(10,'TIME'),(11,'DURATION'),(12,'SET'),(13,'O');
/*!40000 ALTER TABLE `category` ENABLE KEYS */;
UNLOCK TABLES;

--
-- Table structure for table `co_locating_words`
--

DROP TABLE IF EXISTS `co_locating_words`;
/*!40101 SET @saved_cs_client     = @@character_set_client */;
/*!40101 SET character_set_client = utf8 */;
CREATE TABLE `co_locating_words` (
  `id` int(11) NOT NULL AUTO_INCREMENT,
  `co_locating_word` varchar(45) NOT NULL,
  `post_type_id` int(11) NOT NULL,
  PRIMARY KEY (`id`)
) ENGINE=InnoDB AUTO_INCREMENT=97 DEFAULT CHARSET=latin1;
/*!40101 SET character_set_client = @saved_cs_client */;

--
-- Dumping data for table `co_locating_words`
--

LOCK TABLES `co_locating_words` WRITE;
/*!40000 ALTER TABLE `co_locating_words` DISABLE KEYS */;
INSERT INTO `co_locating_words` VALUES (1,'Thank you',1),(2,'Get',1),(3,'New',1),(4,'Pay',1),(5,'Salary',1),(6,'Buy',1),(7,'Birthday',2),(8,'Celebrate',2),(9,'God bless',2),(10,'Bless',2),(11,'Wish',2),(12,'Happy',2),(13,'Season',3),(14,'Watch',3),(15,'Netflix',3),(16,'iflix',3),(17,'TV Series',3),(18,'TV',3),(19,'Movie',3),(20,'Film',3),(21,'Cinema',3),(22,'Theatre',3),(23,'Finished watching',3),(24,'Play',4),(25,'Video game',4),(26,'Game',4),(27,'Platinum',4),(28,'Trophy',4),(29,'Achievement',4),(30,'Finished playing',4),(31,'PS4',4),(32,'XBOX',4),(33,'PC',4),(34,'Vita',4),(35,'Cook',5),(36,'Eat',5),(37,'Dine',5),(38,'Breakfast',5),(39,'Lunch',5),(40,'Dinner',5),(41,'Chicken',5),(42,'Burger',5),(43,'Grill',5),(44,'Bake',5),(45,'Fry',5),(46,'Knit',6),(47,'Do',6),(48,'Create',6),(49,'Make',6),(50,'Craft',6),(51,'Cheers',7),(52,'Drink',7),(53,'Drunk',7),(54,'Club',7),(55,'Bar',7),(56,'Beer',7),(57,'Shot',7),(58,'Beer pong',7),(59,'Listen',8),(60,'Music',8),(61,'Sound',8),(62,'Album',8),(63,'Artist',8),(64,'Chart',8),(65,'Read',9),(66,'Book',9),(67,'Finished reading',9),(68,'Done reading',9),(69,'Chapter',9),(70,'Author',9),(71,'Publish',9),(72,'Book series',9),(73,'Go',10),(74,'Travel',10),(75,'At',10),(76,'Visit',10),(77,'Drive',10),(78,'Road',10),(79,'Place',10),(80,'Far',10),(81,'Miss',11),(82,'Remember',11),(83,'Reminisce',11),(84,'Here',12),(85,'Attend',12),(86,'Event',12),(87,'Think',13),(88,'Should',13),(89,'Maybe',13),(90,'Probably',13),(91,'Opinion',13),(92,'Honest',13),(93,'Funny',14),(94,'Wow',14),(95,'Haha',14),(96,':))',14);
/*!40000 ALTER TABLE `co_locating_words` ENABLE KEYS */;
UNLOCK TABLES;

--
-- Table structure for table `concept`
--

DROP TABLE IF EXISTS `concept`;
/*!40101 SET @saved_cs_client     = @@character_set_client */;
/*!40101 SET character_set_client = utf8 */;
CREATE TABLE `concept` (
  `id` int(11) NOT NULL,
  `concept` varchar(250) NOT NULL,
  PRIMARY KEY (`id`)
) ENGINE=InnoDB DEFAULT CHARSET=utf8;
/*!40101 SET character_set_client = @saved_cs_client */;

--
-- Dumping data for table `concept`
--

LOCK TABLES `concept` WRITE;
/*!40000 ALTER TABLE `concept` DISABLE KEYS */;
/*!40000 ALTER TABLE `concept` ENABLE KEYS */;
UNLOCK TABLES;

--
-- Table structure for table `direct_knowledge`
--

DROP TABLE IF EXISTS `direct_knowledge`;
/*!40101 SET @saved_cs_client     = @@character_set_client */;
/*!40101 SET character_set_client = utf8 */;
CREATE TABLE `direct_knowledge` (
  `id` int(11) NOT NULL AUTO_INCREMENT,
  `data` varchar(5000) DEFAULT 'null',
  `type` varchar(5000) DEFAULT 'null',
  PRIMARY KEY (`id`)
) ENGINE=InnoDB AUTO_INCREMENT=144 DEFAULT CHARSET=utf8;
/*!40101 SET character_set_client = @saved_cs_client */;

--
-- Dumping data for table `direct_knowledge`
--

LOCK TABLES `direct_knowledge` WRITE;
/*!40000 ALTER TABLE `direct_knowledge` DISABLE KEYS */;
INSERT INTO `direct_knowledge` VALUES (137,'11/03/1998','birthday'),(138,'Gwynette','first_name'),(139,NULL,'middle_name'),(140,'Sy','last_name'),(141,'female','gender'),(142,'Manila, Philippines','location'),(143,'Manila, Philippines','hometown');
/*!40000 ALTER TABLE `direct_knowledge` ENABLE KEYS */;
UNLOCK TABLES;

--
-- Table structure for table `educational_bg`
--

DROP TABLE IF EXISTS `educational_bg`;
/*!40101 SET @saved_cs_client     = @@character_set_client */;
/*!40101 SET character_set_client = utf8 */;
CREATE TABLE `educational_bg` (
  `id` int(11) NOT NULL AUTO_INCREMENT,
  `institution` varchar(5000) DEFAULT NULL,
  `type` varchar(5000) DEFAULT NULL,
  `yr_graduated` year(4) DEFAULT NULL,
  `course` varchar(5000) DEFAULT NULL,
  `fbID` varchar(45) DEFAULT NULL,
  PRIMARY KEY (`id`)
) ENGINE=InnoDB AUTO_INCREMENT=41 DEFAULT CHARSET=utf8;
/*!40101 SET character_set_client = @saved_cs_client */;

--
-- Dumping data for table `educational_bg`
--

LOCK TABLES `educational_bg` WRITE;
/*!40000 ALTER TABLE `educational_bg` DISABLE KEYS */;
INSERT INTO `educational_bg` VALUES (39,'Chiang Kai Shek College','High School',0000,NULL,'105584222807516'),(40,'De La Salle University','College',0000,NULL,'127612997282544');
/*!40000 ALTER TABLE `educational_bg` ENABLE KEYS */;
UNLOCK TABLES;

--
-- Table structure for table `educational_bg_type`
--

DROP TABLE IF EXISTS `educational_bg_type`;
/*!40101 SET @saved_cs_client     = @@character_set_client */;
/*!40101 SET character_set_client = utf8 */;
CREATE TABLE `educational_bg_type` (
  `id` int(11) NOT NULL AUTO_INCREMENT,
  `educational_bg` varchar(45) NOT NULL,
  PRIMARY KEY (`id`)
) ENGINE=InnoDB AUTO_INCREMENT=4 DEFAULT CHARSET=latin1;
/*!40101 SET character_set_client = @saved_cs_client */;

--
-- Dumping data for table `educational_bg_type`
--

LOCK TABLES `educational_bg_type` WRITE;
/*!40000 ALTER TABLE `educational_bg_type` DISABLE KEYS */;
INSERT INTO `educational_bg_type` VALUES (1,'Grade School'),(2,'High School'),(3,'College');
/*!40000 ALTER TABLE `educational_bg_type` ENABLE KEYS */;
UNLOCK TABLES;

--
-- Table structure for table `event`
--

DROP TABLE IF EXISTS `event`;
/*!40101 SET @saved_cs_client     = @@character_set_client */;
/*!40101 SET character_set_client = utf8 */;
CREATE TABLE `event` (
  `id` int(11) NOT NULL AUTO_INCREMENT,
  `name` varchar(5000) DEFAULT NULL,
  `rsvp_status` varchar(45) DEFAULT NULL,
  `place` varchar(5000) DEFAULT NULL,
  `city` varchar(5000) DEFAULT NULL,
  `country` varchar(5000) DEFAULT NULL,
  `fbID` varchar(45) DEFAULT NULL,
  PRIMARY KEY (`id`)
) ENGINE=InnoDB AUTO_INCREMENT=1148 DEFAULT CHARSET=utf8;
/*!40101 SET character_set_client = @saved_cs_client */;

--
-- Dumping data for table `event`
--

LOCK TABLES `event` WRITE;
/*!40000 ALTER TABLE `event` DISABLE KEYS */;
INSERT INTO `event` VALUES (1131,'Jasmine\'s Pool Party','attending','Tierra Marimar Resort','Parañaque','Philippines','359001037631000'),(1132,'The first 1 000 000 participants Will Get the new Facebook/Twitter Shoes','attending',NULL,NULL,NULL,'911572388906186'),(1133,'lazer tag','attending','Eton Centris Bldg - EDSA',NULL,NULL,'886378431425036'),(1134,'NUMBERSSS PLEASE... =)))))))','attending',NULL,NULL,NULL,'800659650016754'),(1135,'Long Test A-Y subs','attending',NULL,NULL,NULL,'1083042031711447'),(1136,'Long Test A-Y subs','attending',NULL,NULL,NULL,'893994343975362'),(1137,'Long Test','attending',NULL,NULL,NULL,'828820787203430'),(1138,'Long Test','attending',NULL,NULL,NULL,'935435276477906'),(1139,'Long Test','attending',NULL,NULL,NULL,'795653810528535'),(1140,'Long Test','attending',NULL,NULL,NULL,'947698015280741'),(1141,'Long test','attending',NULL,NULL,NULL,'854248797975046'),(1142,'Long test','attending',NULL,NULL,NULL,'906915199328971'),(1143,'Chiang Kai Shek College: Graduation of Grade 6 Students-Batch 2010~2011','attending',NULL,NULL,NULL,'977245512293713'),(1144,'Earth Hour','attending',NULL,NULL,NULL,'1025713464106148'),(1145,'Earth Hour 2011: It\'s time to go Beyond the Hour','attending',NULL,NULL,NULL,'956101384424125'),(1146,' Chiang Kai Shek College : Grade School \'s Graduation','attending',NULL,NULL,NULL,'897946116894510'),(1147,'Sante\'s Baptismal & Birthday Party','attending',NULL,NULL,NULL,'824720207575087');
/*!40000 ALTER TABLE `event` ENABLE KEYS */;
UNLOCK TABLES;

--
-- Table structure for table `family`
--

DROP TABLE IF EXISTS `family`;
/*!40101 SET @saved_cs_client     = @@character_set_client */;
/*!40101 SET character_set_client = utf8 */;
CREATE TABLE `family` (
  `id` int(11) NOT NULL AUTO_INCREMENT,
  `family_name` varchar(5000) NOT NULL,
  `relationship` varchar(5000) NOT NULL,
  `fbID` varchar(45) DEFAULT NULL,
  PRIMARY KEY (`id`)
) ENGINE=InnoDB AUTO_INCREMENT=193 DEFAULT CHARSET=utf8;
/*!40101 SET character_set_client = @saved_cs_client */;

--
-- Dumping data for table `family`
--

LOCK TABLES `family` WRITE;
/*!40000 ALTER TABLE `family` DISABLE KEYS */;
/*!40000 ALTER TABLE `family` ENABLE KEYS */;
UNLOCK TABLES;

--
-- Table structure for table `family_relationship_type`
--

DROP TABLE IF EXISTS `family_relationship_type`;
/*!40101 SET @saved_cs_client     = @@character_set_client */;
/*!40101 SET character_set_client = utf8 */;
CREATE TABLE `family_relationship_type` (
  `id` int(11) NOT NULL AUTO_INCREMENT,
  `relationship` varchar(45) NOT NULL,
  PRIMARY KEY (`id`)
) ENGINE=InnoDB AUTO_INCREMENT=30 DEFAULT CHARSET=latin1;
/*!40101 SET character_set_client = @saved_cs_client */;

--
-- Dumping data for table `family_relationship_type`
--

LOCK TABLES `family_relationship_type` WRITE;
/*!40000 ALTER TABLE `family_relationship_type` DISABLE KEYS */;
INSERT INTO `family_relationship_type` VALUES (1,'Mother'),(2,'Father'),(3,'Daughter'),(4,'Son'),(5,'Sister'),(6,'Brother'),(7,'Aunt'),(8,'Uncle'),(9,'Niece'),(10,'Nephew'),(11,'Cousin (male)'),(12,'Cousin (female)'),(13,'Grandmother'),(14,'Grandfather'),(15,'Granddaughter'),(16,'Grandson'),(17,'Stepsister'),(18,'Stepbrother'),(19,'Stepfather'),(20,'Stepmother'),(21,'Stepdaughter'),(22,'Stepson'),(23,'Sister-in-law'),(24,'Brother-in-law'),(25,'Father-in-law'),(26,'Mother-in-law'),(27,'Daughter-in-law'),(28,'Son-in-law'),(29,'Pet');
/*!40000 ALTER TABLE `family_relationship_type` ENABLE KEYS */;
UNLOCK TABLES;

--
-- Table structure for table `interest_preferences`
--

DROP TABLE IF EXISTS `interest_preferences`;
/*!40101 SET @saved_cs_client     = @@character_set_client */;
/*!40101 SET character_set_client = utf8 */;
CREATE TABLE `interest_preferences` (
  `id` int(11) NOT NULL,
  `interest` varchar(100) NOT NULL,
  `type` varchar(100) NOT NULL,
  PRIMARY KEY (`id`)
) ENGINE=InnoDB DEFAULT CHARSET=utf8;
/*!40101 SET character_set_client = @saved_cs_client */;

--
-- Dumping data for table `interest_preferences`
--

LOCK TABLES `interest_preferences` WRITE;
/*!40000 ALTER TABLE `interest_preferences` DISABLE KEYS */;
/*!40000 ALTER TABLE `interest_preferences` ENABLE KEYS */;
UNLOCK TABLES;

--
-- Table structure for table `likes`
--

DROP TABLE IF EXISTS `likes`;
/*!40101 SET @saved_cs_client     = @@character_set_client */;
/*!40101 SET character_set_client = utf8 */;
CREATE TABLE `likes` (
  `id` int(11) NOT NULL AUTO_INCREMENT,
  `interest` varchar(5000) DEFAULT NULL,
  `type` varchar(5000) DEFAULT NULL,
  `fbID` varchar(45) DEFAULT NULL,
  PRIMARY KEY (`id`)
) ENGINE=InnoDB AUTO_INCREMENT=2789 DEFAULT CHARSET=utf8;
/*!40101 SET character_set_client = @saved_cs_client */;

--
-- Dumping data for table `likes`
--

LOCK TABLES `likes` WRITE;
/*!40000 ALTER TABLE `likes` DISABLE KEYS */;
INSERT INTO `likes` VALUES (2372,'Board Game Express','Board Game','1827654610828507'),(2373,'Awesome Animals World','App Page','938466329619182'),(2374,'Wild Child Visuals','Artist','1665367607060115'),(2375,'RVR COB Week 2017','Community','745949118890804'),(2376,'DLSU CSO','Organization','245252766116'),(2377,'San Francisco Nightlife','Arts & Entertainment','80214981827'),(2378,'Us The Duo','Musician/Band','165872783507506'),(2379,'Seattle\'s Best Coffee','Food & Beverage Company','117420464947628'),(2380,'Mechanical Engineering Society, MES','Company','124047424273129'),(2381,'CE Week: Limitless Escapades','Organization','113504772450453'),(2382,'Inspirational Quotes','Entertainment Website','329239267279393'),(2383,'Rain_비&정지훈','Public Figure','1555744014738855'),(2384,'Aesthetic Flowers','Local Business','1667341856856884'),(2385,'I don\'t show how broken i am & keep a smiling face to make people happy','Just For Fun','1660251124287160'),(2386,'Glamified by Leigh Espinosa','Artist','582072925204016'),(2387,'Call It Spring - Philippines','Clothing (Brand)','121664197912205'),(2388,'ALDO Shoes - Philippines','Footwear Store','124213797628633'),(2389,'Project Vanity','Website','151812294854750'),(2390,'Cool Beautiful Pictures','Book','249332801756512'),(2391,'Happy Skin','Health/Beauty','1391719187710996'),(2392,'Juicy Couture','Clothing (Brand)','48253834063'),(2393,'BeautyMNL','Health/Beauty','1565571303669131'),(2394,'[V] Hits','TV Channel','270647269640380'),(2395,'Trending Stories in America','News/Media Website','1428253874062986'),(2396,'Trending in America','Media/News Company','173801092653589'),(2397,'Rio','Other','141317312559266'),(2398,'Facebook','Residence','107885072567744'),(2399,'High School Musical','Movie','1712624672306004'),(2400,'Tastemade','Community','268804973206677'),(2401,'Tasty','Media/News Company','1614251518827491'),(2402,'Viral zone','Just For Fun','160101690697896'),(2403,'Pit Bull Dogs','Community','545926012146243'),(2404,'Collision: Beyond Luminaria','Website','849973611688303'),(2405,'Blue Bay Walk','Shopping Mall','373586526100189'),(2406,'Rey Mysterio','Non-Profit Organization','708996479235630'),(2407,'Pets Society','Pet Supplies','429018173958265'),(2408,'Run for Life: A Love Run','Outdoor, Recreation & Fitness','160669037619078'),(2409,'70th ENG','Company','1647370928858454'),(2410,'Harry Potter','Movie','156794164312'),(2411,'New Moon','Movie','123550087751787'),(2412,'GIORDANO','Baby & Children\'s Clothing Store','118743361971'),(2413,'Brittany A Michalchuk','Public Figure','529540793782586'),(2414,'Perfectly Cars and Places','Just For Fun','780126685355605'),(2415,'Pasikatan 2015','Community','552916441528753'),(2416,'Matteo Guidicelli','Public Figure','184853131574417'),(2417,'Disney','Company','11784025953'),(2418,'DLSU ECG','Organization','291637320929022'),(2419,'DLSU-Manila Secret Files','Community','576825992449694'),(2420,'SureAwesomeness','Media/News Company','1108220365870853'),(2421,'LPEP 2K15','Community','1588399598100568'),(2422,'Shrek','School','355374000182'),(2423,'Alvin and the Chipmunks','Movie','191584114216384'),(2424,'Mickey Mouse','Fictional Character','131676029926'),(2425,'Elie Saab','Company','5913929998'),(2426,'Bejeweled','App Page','223766074374957'),(2427,'Whimsical World PH','Local Business','905471166177543'),(2428,'Kung Fu Panda','Other','18128947058'),(2429,'Biogenic Alcohol','Health/Beauty','1448384145477987'),(2430,'Angry Birds','App Page','314467614927'),(2431,'Gucci','Company','44596321012'),(2432,'James Reid','Artist','1469948366590932'),(2433,'Promote Philippines','Local/Travel Website','1061322177218383'),(2434,'Smiley','College & University','7917027161'),(2435,'Connect 7','Local Business','388761424624433'),(2436,'Diary of a Wimpy Kid','Book Series','460918790675739'),(2437,'Microsoft','Workplace & Office','131664630202173'),(2438,'Pizza Hut','Fast Food Restaurant','139195626174'),(2439,'Lifestyle Salon by Louis Phillip Kee','Health/Beauty','57200211798'),(2440,'Marvel','Product/Service','128965523837324'),(2441,'Eton Centris Walk','Park','403959089678845'),(2442,'Miss Selfridge Philippines','Clothing (Brand)','121942331298082'),(2443,'Chupa Chups','Other','363798839714'),(2444,'McDonald\'s','Fast Food Restaurant','121863347862934'),(2445,'Nikon','Photographer','150349123539'),(2446,'Apple Inc.','Company','105596369475033'),(2447,'Sunsilk','Health/Beauty','112542172109673'),(2448,'Chiang Kai Shek College','Private School','505665972836191'),(2449,'Trumpets Playshop','Organization','30340531734'),(2450,'Blast from the Past','Entertainment Website','239689369551964'),(2451,'Lady Fans','Community','1431091547129966'),(2452,'Welcome Home (Sanitarium)','Album','107756719247859'),(2453,'Lady Fans','Community','272578822901861'),(2454,'First day of school: \"This year, I\'m gonna work hard.\" It never happens','News/Media Website','1415702488680655'),(2455,'T-ARA','Musician/Band','214485922082617'),(2456,'Troll','Community','225773884116707'),(2457,'Bride For Rent','Movie','267965043352065'),(2458,'Piccing','Entertainment Website','1414224558792219'),(2459,'Epic Videos','Entertainment Website','569314006472807'),(2460,'Idol','Just For Fun','609108839148712'),(2461,'Ryzza Mae Dizon','Artist','477397815714070'),(2462,'The Laughing Kitten','Just For Fun','663641186991155'),(2463,'I love PhotographY','Magazine','149346905156793'),(2464,'The Humor page','Entertainment Website','291547427638438'),(2465,'Sweet Animals, Quotes','Just For Fun','1432019277010588'),(2466,'Interesting Things','Entertainment Website','668647876490817'),(2467,'Laughing So Hard You Cry','Community','199120623605290'),(2468,'Readmorefacts.com','Magazine','174006356129492'),(2469,'I Love Fashion','Media/News Company','383699158430514'),(2470,'I Love Shopping','Personal Blog','202463089938894'),(2471,'Dammymartins.com','Entertainment Website','1402442856658190'),(2472,'Stephen Zhang','Public Figure','117697371626661'),(2473,'NESTEA','Other','308222742968'),(2474,'Facts Book','Education Website','305023992972735'),(2475,'Interesting Pictures And Videos','Media/News Company','475367482576409'),(2476,'Beauty is not in the face, Beauty is a light in the heart.','Public Figure','173158776223243'),(2477,'Ooooooooh, That sounds a bit harsh, I better put \"lol\" on the end of it','Community','218833838291042'),(2478,'PuppiesLovers','Entertainment Website','1418378941713014'),(2479,'Fashion and Style','Blogger','632557546803980'),(2480,'Love Quotes','Publisher','385204387744'),(2481,'Nintendo 3DS','Electronics','149152295156770'),(2482,'Ellen DeGeneres','Local Service','105743282793414'),(2483,'JUICY Cologne','Health/Beauty','556382124375576'),(2484,'Silka Skincare','Product/Service','152955311416350'),(2485,'Chocolate','Interest','113472061996206'),(2486,'Bejeweled','Video Game','107475925942115'),(2487,'Transformers','Movie','108064815881447'),(2488,'Melissa','Retail Company','57220135683'),(2489,'iTunes','Product/Service','100484820802'),(2490,'Narnia Fans','Entertainment Website','166834386695758'),(2491,'PlayStation','Product/Service','14104316802'),(2492,'Gabay sa Kalusugan - Health Page','Doctor','201156890022811'),(2493,'NESCAFÉ','Foodservice Distributor','99351244175'),(2494,'The Music School of Ryan Cayabyab','School','343165402384677'),(2495,'Ivan Dorschner','Artist','290896587704183'),(2496,'The Krusty Krab','Food & Beverage Company','206863179414361'),(2497,'Sabi ng Puso ko: \'\'Ako\'y Inlove sayo\'\'','Community','106991926136105'),(2498,'Yung pinipilit mong maging masaya sa harap nya kahit nasasaktan ka na.','Community','212398232229856'),(2499,'French fries','Food & Beverage Company','104174432951494'),(2500,'Christmas','Holiday','108085475886344'),(2501,'Kapag ako naka-Move On, HU U ka sakin :\">','TV Season','237692349693830'),(2502,'Havaianas','Product/Service','53874297499'),(2503,'CityVille','App Page','168232079864416'),(2504,'Closer   Chapter 24: Distance','Other','498415616844635'),(2505,'No To Cybercrime Law','Community','498158686868894'),(2506,'KitKat','Food & Beverage Company','156333434394547'),(2507,'Ina, Kapatid, Anak','TV Show','289929374430700'),(2508,'Yves Saint Laurent','Company','106537403849'),(2509,'Starbucks Hong Kong','Food & Beverage Company','125996429705'),(2510,'Maltesers UK','Food & Beverage Company','151315878335594'),(2511,'Ecko Unltd.','Clothing (Brand)','9183581502'),(2512,'Jessica Sanchez','Musician/Band','253587118047769'),(2513,'KPOP on Facebook','Song','308514012562249'),(2514,'Fully Booked','Book Store','88599481435'),(2515,'Twilight','Movie','229668807087652'),(2516,'The Phantom of the Opera','Movie','205598742848129'),(2517,'Power Plant Mall','Shopping District','24627376975'),(2518,'Uniqlo Philippines','Clothing (Brand)','236722239730868'),(2519,'Unofficial: Maja salvador','Public Figure','145545738797499'),(2520,'Kathryn Bernardo','Artist','119084744796173'),(2521,'Daniel Padilla','Artist','197126877079'),(2522,'MINT','Retail Company','63583516310'),(2523,'One World, One Life','Interest','281744128585014'),(2524,'Lucky Chinatown','Shopping & Retail','219867201432984'),(2525,'Captain America','Fictional Character','122352024462380'),(2526,'김현중 (Kim Hyun Joong)','Event','174811379241426'),(2527,'ه Teens Dream','Just For Fun','296121600453088'),(2528,'My Binondo Girl (December 15 2011) | Proudly Pinoy |','TV Show','268542619868495'),(2529,'Avengers','Fictional Character','126757470715601'),(2530,'Liam Hemsworth','Artist','181490248630946'),(2531,'OnlinePianist.com','App Page','117411864940325'),(2532,'Sleeping in Class','Entertainment Website','342664582459118'),(2533,'CONVERSE','Clothing (Brand)','23402039579'),(2534,'Rejoice Philippines','Health/Beauty','109589252445595'),(2535,'Extravagant Challenge','TV Show','254702081236957'),(2536,'유키스(U-KISS)','Musician/Band','261965313856866'),(2537,'Learning Korean','Interest','386084956432'),(2538,'Love and Inspiration','Community','104114776360789'),(2539,'Seoul, South Korea','City','108259475871818'),(2540,'Everland','Just For Fun','105643626134748'),(2541,'Tony and Jackey','Local Business','118147138262931'),(2542,'Bangs Prime by Tony & Jackey Salon','Health/Beauty','117184854974876'),(2543,'Tony & Jackey Best Korean Hairstylist','Local Business','147207885311511'),(2544,'SeaKing PH','Food & Beverage Company','286637301408653'),(2545,'PBB Unlimited Fan Page (Official)','Entertainment Website','306205379406514'),(2546,'Walang Hanggan','TV Show','168966476527784'),(2547,'Its Showtime Daily','TV Show','210760156453'),(2548,'Shoe Salon Philippines','Shopping & Retail','119980051390671'),(2549,'Elle Poupee\'','Clothing (Brand)','160189654048927'),(2550,'Sam Bain','Musician/Band','158322574233600'),(2551,'Mediapeel','Media','122941871095606'),(2552,'ScienceFreaks','Science Website','188855521193911'),(2553,'IBIZA PARTY PEOPLE / let\'s play','Community','225344590868655'),(2554,'Charlie Buster','Artist','394043493945510'),(2555,'Lady Bret','Public Figure','125169600880867'),(2556,'\"Listening to a s0ng & thinking every w0rd in the s0ng is ab0ut y0u\"','Community','188781881186416'),(2557,'Khumar','Musician/Band','117428568314529'),(2558,'WHEN I MISS U THAT TIME  I AM FEEL VERY SAD','Community','109232899167406'),(2559,'Yazeed Racing','Sports Team','160037174018209'),(2560,'Gallo Jewelry','Local Business','121024737949252'),(2561,'Marco Piangiamore','Musician/Band','281920355209581'),(2562,'WhiteTrash','Entertainment Website','188734351179875'),(2563,'Explore Talent - Acting and Modeling','Arts & Entertainment','22156858944'),(2564,'Why cheat? If you are not happy, just Fucking leave','Community','208982642508535'),(2565,'Fuolarigadell','Musician/Band','109972125761682'),(2566,'Gregorie Venning Music','Musician/Band','252336154823716'),(2567,'983 Wedding Invitations','Product/Service','84144949822'),(2568,'Phillip\'s studio Photography','Artist','123347949500'),(2569,'Betancourt Nutrition','Company','127559100588873'),(2570,'Eklektik','Clothing (Brand)','352174984823455'),(2571,'Bruno Schiavi','Public Figure','205280866206733'),(2572,'Antonio Meneghetti\'s Books','Book','277376738998390'),(2573,'Queenspark Australia','Clothing (Brand)','128461857209413'),(2574,'Funworld','Travel Company','108929505852207'),(2575,'Sam Skilz','Musician/Band','373244859360849'),(2576,'Gräfin Nadine von Wittgensteyn','Author','324247424293706'),(2577,'Louann von Brochwitz aka Emmalynn','Artist','151528374867938'),(2578,'hillsong united','Musician/Band','8800570812'),(2579,'Charles & Keith','Fashion Company','1408930942754118'),(2580,'Vin Diesel','Other','89562268312'),(2581,'Intel Philippines','Product/Service','148168013639'),(2582,'Twitter','App Page','278029242253904'),(2583,'Serendipity','Musician/Band','155231021218442'),(2584,'MASCKS-MOVERS','Dancer','199144993468966'),(2585,'Nike Football','Sporting Goods Store','51212153078'),(2586,'iPhone Fans','Website','214456561919831'),(2587,'One Direction','Musician/Band','121930497861753'),(2588,'Calvin Klein','Shopping & Retail','36143771015'),(2589,'FarmVille','App Page','208633805894647'),(2590,'Mochi','Community','15400913606'),(2591,'Steve Jobs','Scientist','113529011990795'),(2592,'L\'Oreal Paris Philippines','Health/Beauty','142092567176'),(2593,'Forever 21','Retail Company','117702421608602'),(2594,'Jennifer Hudson','Musician/Band','7886660434'),(2595,'iPod','School','105520766147092'),(2596,'Traian Băsescu','Politician','361235817223309'),(2597,'James JT Taylor (Official) Page','Musician/Band','165865006802601'),(2598,'Rosy @};-','Community','248823781833270'),(2599,'Luna Maria, LLC','Retail Company','297570740295896'),(2600,'Murphy & Vickers, P.C.','Professional Service','325458068038'),(2601,'Most Epic Videos In The World','Song','203636969651194'),(2602,'It\'s fun being with you.','Community','304203726262068'),(2603,'Friends 18+','Entertainment Website','246081928760177'),(2604,'Change Your FB into 3D','Community','131882720268420'),(2605,'Windows','Home','105707926288500'),(2606,'Victoria\'s Secret PINK','Clothing (Brand)','26972120470'),(2607,'Partying','Interest','114789915205100'),(2608,'Certified Tamad Ako!! xD','Community Organization','189101307842272'),(2609,'Single na nga, Naha-heart Broken pa.','Community Organization','347807831899538'),(2610,'Cirque du Soleil','Arts & Entertainment','144074117500'),(2611,'Bellagio Las Vegas','Casino','83005907820'),(2612,'Ceasars Palace','Landmark & Historical Place','119275101452099'),(2613,'Websta','Website','191717270856199'),(2614,'Ragheb Alama','Artist','10754616239'),(2615,'IDBI BANK','Finance Company','104443426309892'),(2616,'ALEX AND ANI','Jewelry/Watches','129710704935'),(2617,'Smile Of the Broken Heart','Community','197509110313063'),(2618,'O sustin pe Elena Udrea','Community','233430136745085'),(2619,'Sherri Hill','Company','156739572204'),(2620,'Titanic- A Journey of True Love That Never Ends','Movie','226520084041376'),(2621,'Redd Ppanda Group','Arts & Entertainment','209045269154327'),(2622,'J.O Jetson','Musician/Band','139625796055701'),(2623,'VIVI Cothes','Company','111026075607612'),(2624,'Fantomen','Musician/Band','139107032789594'),(2625,'Matthew Miller','Public Figure','255332037873580'),(2626,'Coy Taylor','Musician/Band','195398567147628'),(2627,'Saltwater Experience','TV Show','50387133308'),(2628,'Alexandra Wilson Fitness Celebrity','Athlete','194488277270458'),(2629,'TCThompkins','Professional Service','69787962188'),(2630,'Laura Michelle','Musician/Band','125423070875502'),(2631,'Across Travel & Safaris','Magazine','359410850742090'),(2632,'Dean Wegner','Professional Service','143207699028910'),(2633,'MAX BIKER','Musician/Band','112165328835713'),(2634,'IHDP Page Flip Software','Product/Service','171574709534715'),(2635,'Epageview','Computers (Brand)','143347959068915'),(2636,'Into the Blue','TV Show','121162641289834'),(2637,'Parvez Taj','Artist','115298748526490'),(2638,'FabHunter','Website','261864460519664'),(2639,'TEFL Express','Education','159938720708306'),(2640,'skateboarding.com.au','Recreation/Sports Website','312902278757063'),(2641,'Gosia Andrzejewicz','Musician/Band','157489240945942'),(2642,'Coupon Codes India','Shopping & Retail','199753040088790'),(2643,'TOY G','Clothing (Brand)','124600260940997'),(2644,'Summerburst Festival','Concert Tour','141362432596320'),(2645,'9GAG','App Page','21785951839'),(2646,'Dosto KI New Dunia','Community','144168042286371'),(2647,'STOP','Community','295132080503893'),(2648,'SomeTimes, I Have To Stop And Ask MyselF : Why Em I So Sexy?','Magazine','139268539520103'),(2649,'If a girl replies \"k\", you did something to piss her off.','Community','194496790614686'),(2650,'*iF i fAiL iN mY eXamX fAcEbOOk iS tHe fAuLt*','Entertainment Website','162598180476492'),(2651,'Always Have a Back-up b4 break-up','Community','114153755345484'),(2652,'You Dont Like Me!!!? Cool I Dont Wake Up Every Day For You','Community','158109867630297'),(2653,'Black Oxygen','Musician/Band','126258640786182'),(2654,'My Reviews Now','Website','145759628827047'),(2655,'Imran Mirza ♔','Public Figure','99276859709'),(2656,'Mutated Nation','Company','189680591046246'),(2657,'Temple Run','Games/Toys','215459165171017'),(2658,'GMA News','Media/News Company','116724526976'),(2659,'Tom and Jerry','TV Show','131583793581459'),(2660,'Johnny English','Movie','270411656307097'),(2661,'Swimming','Sport','105788652787522'),(2662,'Coldplay','Musician/Band','15253175252'),(2663,'Adobe Photoshop','Software','6147239684'),(2664,'Jesse McCartney','Public Figure','19669729688'),(2665,'Simple Plan','Musician/Band','6085906515'),(2666,'Noterad.com','Website','155967024507669'),(2667,'Emotan','Musician/Band','19533534122'),(2668,'Sleek Fun MAZA','Community','257269964306589'),(2669,'Catching yourself smiling while texting and people look at you like a freak','Personal Website','205521482867611'),(2670,'InQishaaf','Musician/Band','156445711034402'),(2671,'OneDay U Will Realize My Love For U','Local Business','178147312234197'),(2672,'\"Beete Lamhein Jab Bhi Hamein Yaad Aate Hain\"','Community','226816227371332'),(2673,'Sleek Articles','Personal Website','256923247679462'),(2674,'LoL-Pix','Website','167508850019370'),(2675,'Scrabble','Games/Toys','100294126688207'),(2676,'Yahoo','Media/News Company','7040724713'),(2677,'ASAPOFFICIAL','TV Show','105506929495617'),(2678,'MYX Magazine','Magazine','115459785139702'),(2679,'Vans','Footwear Store','129594317087504'),(2680,'Gap','Retail Company','325626827529562'),(2681,'Kim Chiu (KimNation)','Artist','124379254253906'),(2682,'Snickers','Food & Beverage Company','20645199461'),(2683,'Tetris Battle','App Page','345869588775471'),(2684,'Walt Disney Studios','Movie/Television Studio','210226505933'),(2685,'I ♥ THE WEEKEND','Community','79560796181'),(2686,'Xian Lim Lovers','Artist','115016711945245'),(2687,'Hotel City','App Page','142368335881829'),(2688,'A real girl isnt perfect but a perfect girl isnt real :\\','Entertainment Website','343319669013951'),(2689,'Open World News','News/Media Website','263923927014310'),(2690,'Buzz ng Bayan','TV Show','112354652113654'),(2691,'Barn Buddy','App Page','177393839031773'),(2692,'Hot Topic','Clothing (Brand)','118951846978'),(2693,'KimXi InterNAtionaL','Artist','134204560017315'),(2694,'Word Challenge','App Page','242847189126599'),(2695,'Fashion Designer Game','App Page','218807614875191'),(2696,'PBB Unlimited (season 4)','TV Show','206462379425035'),(2697,'KimXi Official ( Kim Chiu and Xian Lim )','Community','175036605916780'),(2698,'Family Feud','App Page','164755026965971'),(2699,'Backstreet Boys','Musician/Band','5736008378'),(2700,'Facebooking','Travel & Transportation','114721225206500'),(2701,'Dispicable Me','Movie','111265985564033'),(2702,'Adele','Musician/Band','9770929278'),(2703,'Vhong Navarro Showtime','Musician/Band','136158136411508'),(2704,'NEver Settle For Less__When U Know U Deserve The Best__(;','Book','260297530694728'),(2705,'Pizza','Food','105567999476390'),(2706,'Nutella','Food & Beverage Company','1406621842911228'),(2707,'Chocolate chip cookies','Interest','111001888924149'),(2708,'In Time Movie','Movie','129652407088070'),(2709,'TV Patrol','TV Show','101836783205053'),(2710,'Restaurant City','App Page','275904399136748'),(2711,'Pet Society','App Page','191528407602157'),(2712,'Colbie Caillat','Musician/Band','7630819107'),(2713,'Sprite','Food & Beverage Company','354324801407162'),(2714,'Greyson Chance','Musician/Band','121907691167366'),(2715,'Coraline','Movie','42168616288'),(2716,'Good Luck Charlie','TV Show','105626976138504'),(2717,'FTISLAND','Musician/Band','199712006720791'),(2718,'CNBLUE','Musician/Band','116994331711734'),(2719,'Ang Ex Pinapalitan, Hindi Binabalikan.','Public Figure','327618247258133'),(2720,'TAEYANG','Musician/Band','151773951499667'),(2721,'The last thing I want to do is hurt you. But it\'s still on the list.','Musician','173926809373197'),(2722,'The Script','Musician/Band','10638675398'),(2723,'CKSC Student Council','Organization','242928969083408'),(2724,'UNO','Games/Toys','120101848046939'),(2725,'\"Oh, test today!\" , \" Did u study\", \" No did you?\",\" No.... we\'re F**KED.\"','Community','227054003993322'),(2726,'I Miss You Please Come Back','Community','182395561778977'),(2727,'Unofficial: Toni Gonzaga','Artist','60698162413'),(2728,'\"Binondo Girl\" [Kim Chiu]','TV Show','140178182707303'),(2729,'Chef Boy Logro\'s recipes','Interest','189689064384752'),(2730,'Enderun Colleges Admissions','College & University','181878271296'),(2731,'Cooking Mama','Games/Toys','152605461450344'),(2732,'Firefox','Product/Service','14696440021'),(2733,'Cut the Rope','Games/Toys','159526264081185'),(2734,'Photography','Workplace & Office','108170975877442'),(2735,'Budoy','TV Show','274486399229296'),(2736,'Kimian (kim and xian ) Official','Artist','286891504673729'),(2737,'KimIan OFFICIAL Fanpage (Kim Chiu and Xian Lim)','Artist','224799780876380'),(2738,'Kim Chiu','Artist','74361779753'),(2739,'MallWorldGame','App Page','230482390359493'),(2740,'Puzzled Hearts','App Page','320462251320154'),(2741,'Singapore Flyer','Landmark & Historical Place','137115480503'),(2742,'Heartstrings','TV Show','120846544666908'),(2743,'Nag-break na nga sila, Ni-like mo pa.','Non-Profit Organization','167049929988404'),(2744,'Poreotix','Public Figure','10150098963085417'),(2745,'All Time Low','Musician/Band','155110212591'),(2746,'pep.ph','Entertainment Website','120372488010306'),(2747,'Domo','Company','58047277080'),(2748,'Mahal mo nga, di mo naman sinabi. Ayan! Nakuha tuloy ng IBA :3','Entertainment Website','215587935141515'),(2749,'Mahal kita, kahit hindi tayo >.<','Author','313718511992633'),(2750,'Profile Banner','App Page','138706006241975'),(2751,'My Binondo Girl(The Official)','TV Show','173575479378914'),(2752,'KimXi - Kim Chiu and Xian Lim Loveteam (Official)','Community','253972741316170'),(2753,'Xian Lim','Artist','138853039479922'),(2754,'That one girl you don\'t want anywhere near your boyfriend','Community','247964741907559'),(2755,'Putting on, and taking off skinny jeans should be a sport','Community','264556343568346'),(2756,'The Best Place To Cry Is In The Rain , Where no one will know.','Artist','127253204023359'),(2757,'Rodeo Drive','Shopping & Retail','285191071469'),(2758,'Singing random lyrics of random Songs at random times','Album','260737580647157'),(2759,'Lol Hit','Website','243076019089645'),(2760,'M Countdown','TV','110509535633036'),(2761,'I have so many things to do, but I end up doing nothing at all.','Community','114691331975185'),(2762,'Getting text in thє morning and reading it with 1 Eye open','Bar','161286193972982'),(2763,'I Dont Care If Ppl Dont Like Me After All Im Not A FB Status To Be Liked','Community','292419077465955'),(2764,'Gidy Media','Entertainment Website','197165293669589'),(2765,'Ano silbi ni  Ex  . Kung mas better si  Next  :\'\'>','Public Figure','101999226585914'),(2766,'\"I kNoW u NeVer cOmE bUt I m StIlL wAiTiNg 4 U\"','Community','224432147583684'),(2767,'No RuleZz','Community','219162708141600'),(2768,'Lets watch a scary movie,some hours later-Dude,walk with me to the bathroom','Community','215646338513592'),(2769,'Entertainment','Entertainment Website','240677662646573'),(2770,'Millionaire City','App Page','100147513367023'),(2771,'Can I borrow a Hug? I promise I’ll give it back.','Public Figure','129224463858764'),(2772,'Look into my eyes you\'ll find me . Look into my heart and you\'ll find you .','Community','206525259380142'),(2773,'“ Sikur Te Kisha Nje Copez Jete “','Just For Fun','128653950522263'),(2774,'You and ME sitting on a tree. K-I-S-S-I-N-G :\">','Community','333705729979909'),(2775,'I Wont Say I Love U ,I will Just Make You Feel I Do ♥ !','Community','116057075071786'),(2776,'Dear music, thanks for being there when no one seems to care.','Community','115523025227847'),(2777,'BASAG!!!!!!!!!!!','Public Figure','132913380071056'),(2778,'Kapag ang tanga natuto, humanda ka! :>','Organization','229004577144629'),(2779,'You and Me sitting on a tree. K-I-S-S-I-N-G','Organization','149721061797560'),(2780,'S o m e d a y d r e a m 桑 天 错 觉','Author','150350872493'),(2781,'You and Me sitting on a tree. K-I-S-S-I-N-G','Community','209435889132580'),(2782,'Korean language','Language','112575665423976'),(2783,'1 friend request, 0 mutual friends, Wtf?!Paano mo ako Nahanap ?','Community','244560348938052'),(2784,'Mario Lopez','Public Figure','198917691702'),(2785,'Romulo Cafe','Local Business','117640941653869'),(2786,'When i miss you, i re-read our old conversations and smile','Community','322504254432255'),(2787,'Hindi magiging Maganda Ang Future mo, Kapag Hindi ako Ang Kasama mo :\">','Community Organization','228274117241034'),(2788,'I just entered my room and forgot what i wanted -_-','Magazine','157733874296969');
/*!40000 ALTER TABLE `likes` ENABLE KEYS */;
UNLOCK TABLES;

--
-- Table structure for table `likes_type`
--

DROP TABLE IF EXISTS `likes_type`;
/*!40101 SET @saved_cs_client     = @@character_set_client */;
/*!40101 SET character_set_client = utf8 */;
CREATE TABLE `likes_type` (
  `id` int(11) NOT NULL AUTO_INCREMENT,
  `likes` varchar(45) NOT NULL,
  PRIMARY KEY (`id`)
) ENGINE=InnoDB AUTO_INCREMENT=158 DEFAULT CHARSET=latin1;
/*!40101 SET character_set_client = @saved_cs_client */;

--
-- Dumping data for table `likes_type`
--

LOCK TABLES `likes_type` WRITE;
/*!40000 ALTER TABLE `likes_type` DISABLE KEYS */;
INSERT INTO `likes_type` VALUES (1,'Actor/Director'),(2,'Aerospace/Defence'),(3,'Airport'),(4,'Album'),(5,'Amateur Sports Team'),(6,'App Page'),(7,'Appliances'),(8,'Artist'),(9,'Arts/Entertainment/Nightlife'),(10,'Attractions/Things to Do'),(11,'Author'),(12,'Baby Goods/Kids Goods'),(13,'Bags/Luggage'),(14,'Bank/Financial Services'),(15,'Bank/Financial Institution'),(16,'Bar'),(17,'Biotechnology'),(18,'Blogger'),(19,'Board Game'),(20,'Book'),(21,'Book Series'),(22,'Bookshop'),(23,'Building Materials'),(24,'Business Person'),(25,'Business Services'),(26,'Camera/Photo'),(27,'Cars'),(28,'Cars and Parts'),(29,'Cause'),(30,'Chef'),(31,'Chemicals'),(32,'Church/Religious Organisation'),(33,'Cinema'),(34,'Clothing'),(35,'Club'),(36,'Coach'),(37,'Comedian'),(38,'Commercial Equipment'),(39,'Community Organisation'),(40,'Community/Government'),(41,'Company'),(42,'Computers'),(43,'Computers/Technology'),(44,'Concert Tour'),(45,'Concert Venue'),(46,'Consulting/Business Services'),(47,'Concert Venue'),(48,'Dancer'),(49,'Designer'),(50,'DIY'),(51,'Doctor'),(52,'Education'),(53,'Entertainer'),(54,'Entrepreneur'),(55,'Electronics'),(56,'Energy/Utility'),(57,'Engineering/Construction'),(58,'Event Planning/Event Services'),(59,'Farming/Agriculture'),(60,'Fictional Character'),(61,'Film'),(62,'Film Character'),(63,'Food/Beverages'),(64,'Food/Groceries'),(65,'Furniture'),(66,'Games/Toys'),(67,'Government Official'),(68,'Health/Beauty'),(69,'Health/Medical/Pharmaceuticals'),(70,'Health/Medical/Pharmacy'),(71,'Home Decor'),(72,'Hospital/Clinic'),(73,'Hotel'),(74,'Household Supplies'),(75,'Industrials'),(76,'Insurance Company'),(77,'Internet/Software'),(78,'Jewellry/Watches'),(79,'Journalist'),(80,'Kitchen/Cooking'),(81,'Landmark'),(82,'Lawyer'),(83,'Legal/Law'),(84,'Library'),(85,'Local Business'),(86,'Magazine'),(87,'Media/News/Publishing'),(88,'Medications'),(89,'Middle School'),(90,'Mining/Materials'),(91,'Movie'),(92,'Museum/Art Gallery'),(93,'Musician/Band'),(94,'Music Award'),(95,'Music Chart'),(96,'Music Video'),(97,'News Personality'),(98,'Non-governmental Organisation (NGO)'),(99,'Non-profit Organisation'),(100,'Office Supplies'),(101,'Organisation'),(102,'Outdoor Gear/Sporting Goods'),(103,'Patio/Garden'),(104,'Performance Art'),(105,'Pet'),(106,'Pet Services'),(107,'Pet Supplies'),(108,'Phone/Tablet'),(109,'Photographer'),(110,'Political Organisation'),(111,'Political Party'),(112,'Politician'),(113,'Preschool'),(114,'Primary School'),(115,'Producer'),(116,'Product/Service'),(117,'Professional Service'),(118,'Property'),(119,'Public Figure'),(120,'Public Places'),(121,'Radio Station'),(122,'Record Label'),(123,'Restaurant/Cafe'),(124,'Retail and Consumer Merchandise'),(125,'School'),(126,'School Sports Team'),(127,'Scientist'),(128,'Shopping/Retail'),(129,'Small Business'),(130,'Song'),(131,'Software'),(132,'Spas/Beauty/Personal Care'),(133,'Sports League'),(134,'Sports Team'),(135,'Sports Venue'),(136,'Sportsperson'),(137,'Sports/Recreation/Activities'),(138,'Teacher'),(139,'Telecommunication'),(140,'Theatrical Play'),(141,'Tools/Equipment'),(142,'Tours/Sightseeing'),(143,'Transport'),(144,'Transport/Freight'),(145,'Travel/Leisure'),(146,'TV Channel'),(147,'TV Network'),(148,'TV Programme'),(149,'TV Show'),(150,'TV/Film Award'),(151,'University'),(152,'Vehicles'),(153,'Video Game'),(154,'Vitamins/Supplements'),(155,'Website'),(156,'Wine/Spirits'),(157,'Writer');
/*!40000 ALTER TABLE `likes_type` ENABLE KEYS */;
UNLOCK TABLES;

--
-- Table structure for table `part_of_speech`
--

DROP TABLE IF EXISTS `part_of_speech`;
/*!40101 SET @saved_cs_client     = @@character_set_client */;
/*!40101 SET character_set_client = utf8 */;
CREATE TABLE `part_of_speech` (
  `id` int(11) NOT NULL AUTO_INCREMENT,
  `pos` varchar(45) NOT NULL,
  `pos_value` varchar(45) NOT NULL,
  PRIMARY KEY (`id`)
) ENGINE=InnoDB AUTO_INCREMENT=37 DEFAULT CHARSET=utf8;
/*!40101 SET character_set_client = @saved_cs_client */;

--
-- Dumping data for table `part_of_speech`
--

LOCK TABLES `part_of_speech` WRITE;
/*!40000 ALTER TABLE `part_of_speech` DISABLE KEYS */;
INSERT INTO `part_of_speech` VALUES (1,'Coordinating conjunction','CC'),(2,'Cardinal number','CD'),(3,'Determiner','DT'),(4,'Existential there','EX'),(5,'Foreign word','FW'),(6,'Preposition or subordinating conjunction','IN'),(7,'Adjective','JJ'),(8,'Adjective, comparative','JJR'),(9,'Adjective, superlative','JJS'),(10,'List item marker','LS'),(11,'Modal','MD'),(12,'Noun, singular or mass','NN'),(13,'Noun, plural','NNS'),(14,'Proper noun, singular','NNP'),(15,'Proper noun, plural','NNPS'),(16,'Predeterminer','PDT'),(17,'Possesive ending','POS'),(18,'Personal pronoun','PRP'),(19,'Possessive pronoun (prolog version PRP-S)','PRP$'),(20,'Adverb','RB'),(21,'Adverb, comparative','RBR'),(22,'Adverb, superlative','RBS'),(23,'Particle','RP'),(24,'Symbol','SYM'),(25,'to','TO'),(26,'Interjection','UH'),(27,'Verb, base form','VB'),(28,'Verb, past tense','VBD'),(29,'Verb, gerund or present participle','VBG'),(30,'Verb, past participle','VBN'),(31,'Verb, non-3rd person singular present','VBP'),(32,'Verb, 3rd person singular present','VBZ'),(33,'Wh-determiner','WDT'),(34,'Wh-pronoun','WP'),(35,'Possessive wh-pronoun (prolog version WP-S)','WP$'),(36,'Wh-adverb','WRB');
/*!40000 ALTER TABLE `part_of_speech` ENABLE KEYS */;
UNLOCK TABLES;

--
-- Table structure for table `part_of_speech_type`
--

DROP TABLE IF EXISTS `part_of_speech_type`;
/*!40101 SET @saved_cs_client     = @@character_set_client */;
/*!40101 SET character_set_client = utf8 */;
CREATE TABLE `part_of_speech_type` (
  `id` int(11) NOT NULL AUTO_INCREMENT,
  `pos` varchar(45) NOT NULL,
  `pos_value` varchar(45) NOT NULL,
  PRIMARY KEY (`id`)
) ENGINE=InnoDB AUTO_INCREMENT=37 DEFAULT CHARSET=utf8;
/*!40101 SET character_set_client = @saved_cs_client */;

--
-- Dumping data for table `part_of_speech_type`
--

LOCK TABLES `part_of_speech_type` WRITE;
/*!40000 ALTER TABLE `part_of_speech_type` DISABLE KEYS */;
INSERT INTO `part_of_speech_type` VALUES (1,'Coordinating conjunction','CC'),(2,'Cardinal number','CD'),(3,'Determiner','DT'),(4,'Existential there','EX'),(5,'Foreign word','FW'),(6,'Preposition or subordinating conjunction','IN'),(7,'Adjective','JJ'),(8,'Adjective, comparative','JJR'),(9,'Adjective, superlative','JJS'),(10,'List item marker','LS'),(11,'Modal','MD'),(12,'Noun, singular or mass','NN'),(13,'Noun, plural','NNS'),(14,'Proper noun, singular','NNP'),(15,'Proper noun, plural','NNPS'),(16,'Predeterminer','PDT'),(17,'Possesive ending','POS'),(18,'Personal pronoun','PRP'),(19,'Possessive pronoun (prolog version PRP-S)','PRP$'),(20,'Adverb','RB'),(21,'Adverb, comparative','RBR'),(22,'Adverb, superlative','RBS'),(23,'Particle','RP'),(24,'Symbol','SYM'),(25,'to','TO'),(26,'Interjection','UH'),(27,'Verb, base form','VB'),(28,'Verb, past tense','VBD'),(29,'Verb, gerund or present participle','VBG'),(30,'Verb, past participle','VBN'),(31,'Verb, non-3rd person singular present','VBP'),(32,'Verb, 3rd person singular present','VBZ'),(33,'Wh-determiner','WDT'),(34,'Wh-pronoun','WP'),(35,'Possessive wh-pronoun (prolog version WP-S)','WP$'),(36,'Wh-adverb','WRB');
/*!40000 ALTER TABLE `part_of_speech_type` ENABLE KEYS */;
UNLOCK TABLES;

--
-- Table structure for table `post_type`
--

DROP TABLE IF EXISTS `post_type`;
/*!40101 SET @saved_cs_client     = @@character_set_client */;
/*!40101 SET character_set_client = utf8 */;
CREATE TABLE `post_type` (
  `id` int(11) NOT NULL AUTO_INCREMENT,
  `post` varchar(45) NOT NULL,
  PRIMARY KEY (`id`)
) ENGINE=InnoDB AUTO_INCREMENT=15 DEFAULT CHARSET=latin1;
/*!40101 SET character_set_client = @saved_cs_client */;

--
-- Dumping data for table `post_type`
--

LOCK TABLES `post_type` WRITE;
/*!40000 ALTER TABLE `post_type` DISABLE KEYS */;
INSERT INTO `post_type` VALUES (1,'New item'),(2,'Celebrating'),(3,'Watching'),(4,'Playing video games'),(5,'Eating'),(6,'Making'),(7,'Drinking'),(8,'Music'),(9,'Reading'),(10,'Traveling'),(11,'Remembering'),(12,'Event'),(13,'Opinion'),(14,'Humor');
/*!40000 ALTER TABLE `post_type` ENABLE KEYS */;
UNLOCK TABLES;

--
-- Table structure for table `predefined_activities`
--

DROP TABLE IF EXISTS `predefined_activities`;
/*!40101 SET @saved_cs_client     = @@character_set_client */;
/*!40101 SET character_set_client = utf8 */;
CREATE TABLE `predefined_activities` (
  `id` int(11) NOT NULL,
  `verb` varchar(45) NOT NULL,
  `object` varchar(100) NOT NULL,
  `to_be_processed_id` int(11) NOT NULL,
  PRIMARY KEY (`id`)
) ENGINE=InnoDB DEFAULT CHARSET=utf8;
/*!40101 SET character_set_client = @saved_cs_client */;

--
-- Dumping data for table `predefined_activities`
--

LOCK TABLES `predefined_activities` WRITE;
/*!40000 ALTER TABLE `predefined_activities` DISABLE KEYS */;
/*!40000 ALTER TABLE `predefined_activities` ENABLE KEYS */;
UNLOCK TABLES;

--
-- Table structure for table `relation`
--

DROP TABLE IF EXISTS `relation`;
/*!40101 SET @saved_cs_client     = @@character_set_client */;
/*!40101 SET character_set_client = utf8 */;
CREATE TABLE `relation` (
  `id` int(11) NOT NULL AUTO_INCREMENT,
  `relation` varchar(100) NOT NULL,
  `relation_value` varchar(45) NOT NULL,
  PRIMARY KEY (`id`)
) ENGINE=InnoDB AUTO_INCREMENT=50 DEFAULT CHARSET=utf8;
/*!40101 SET character_set_client = @saved_cs_client */;

--
-- Dumping data for table `relation`
--

LOCK TABLES `relation` WRITE;
/*!40000 ALTER TABLE `relation` DISABLE KEYS */;
INSERT INTO `relation` VALUES (1,'adjectival complement','acomp'),(2,'adverbial clause modifier','advcl'),(3,'adverb modifier','advmod'),(4,'agent','agent'),(5,'adjectival modifier','amod'),(6,'appositional modifier','appos'),(7,'auxiliary','aux'),(8,'passive auxiliary','auxpass'),(9,'coordination','cc'),(10,'clausal complement','ccomp'),(11,'conjunct','conj'),(12,'copula','cop'),(13,'clausal subject','csubj'),(14,'clausal passive subject','csubjpass'),(15,'dependent','dep'),(16,'determiner','det'),(17,'discourse element','discourse'),(18,'direct object','dobj'),(19,'expletive','expl'),(20,'goes with','goeswith'),(21,'indirect object','iobj'),(22,'marker','mark'),(23,'multi-word expression','mwe'),(24,'negation modifier','neg'),(25,'noun compound modifier','nn'),(26,'noun phrase as adverbial modifier','npadvmod'),(27,'nominal subject','nsubj'),(28,'passive nominal subject','nsubjpass'),(29,'numeric modifier','num'),(30,'element of compound number','number'),(31,'parataxis','parataxis'),(32,'prepositional complement','pcomp'),(33,'object of a preposition','pobj'),(34,'possession modifier','poss'),(35,'possessive modifier','possessive'),(36,'preconjunct','preconj'),(37,'predeterminer','predet'),(38,'prepositional modifier','prep'),(39,'prepositional clausal modifier','prepc'),(40,'phrasal verb particle','prt'),(41,'punctuation','punct'),(42,'quantifier phrase modifier','quantmod'),(43,'relative clause modifier','rcmod'),(44,'referent','ref'),(45,'root','root'),(46,'temporal modifier','tmod'),(47,'reduced non-finite verbal modifier','vmod'),(48,'open clausal complement','xcomp'),(49,'controlling subject','xsubj');
/*!40000 ALTER TABLE `relation` ENABLE KEYS */;
UNLOCK TABLES;

--
-- Table structure for table `relation_type`
--

DROP TABLE IF EXISTS `relation_type`;
/*!40101 SET @saved_cs_client     = @@character_set_client */;
/*!40101 SET character_set_client = utf8 */;
CREATE TABLE `relation_type` (
  `id` int(11) NOT NULL AUTO_INCREMENT,
  `relation` varchar(100) NOT NULL,
  `relation_value` varchar(45) NOT NULL,
  PRIMARY KEY (`id`)
) ENGINE=InnoDB AUTO_INCREMENT=50 DEFAULT CHARSET=utf8;
/*!40101 SET character_set_client = @saved_cs_client */;

--
-- Dumping data for table `relation_type`
--

LOCK TABLES `relation_type` WRITE;
/*!40000 ALTER TABLE `relation_type` DISABLE KEYS */;
INSERT INTO `relation_type` VALUES (1,'adjectival complement','acomp'),(2,'adverbial clause modifier','advcl'),(3,'adverb modifier','advmod'),(4,'agent','agent'),(5,'adjectival modifier','amod'),(6,'appositional modifier','appos'),(7,'auxiliary','aux'),(8,'passive auxiliary','auxpass'),(9,'coordination','cc'),(10,'clausal complement','ccomp'),(11,'conjunct','conj'),(12,'copula','cop'),(13,'clausal subject','csubj'),(14,'clausal passive subject','csubjpass'),(15,'dependent','dep'),(16,'determiner','det'),(17,'discourse element','discourse'),(18,'direct object','dobj'),(19,'expletive','expl'),(20,'goes with','goeswith'),(21,'indirect object','iobj'),(22,'marker','mark'),(23,'multi-word expression','mwe'),(24,'negation modifier','neg'),(25,'noun compound modifier','nn'),(26,'noun phrase as adverbial modifier','npadvmod'),(27,'nominal subject','nsubj'),(28,'passive nominal subject','nsubjpass'),(29,'numeric modifier','num'),(30,'element of compound number','number'),(31,'parataxis','parataxis'),(32,'prepositional complement','pcomp'),(33,'object of a preposition','pobj'),(34,'possession modifier','poss'),(35,'possessive modifier','possessive'),(36,'preconjunct','preconj'),(37,'predeterminer','predet'),(38,'prepositional modifier','prep'),(39,'prepositional clausal modifier','prepc'),(40,'phrasal verb particle','prt'),(41,'punctuation','punct'),(42,'quantifier phrase modifier','quantmod'),(43,'relative clause modifier','rcmod'),(44,'referent','ref'),(45,'root','root'),(46,'temporal modifier','tmod'),(47,'reduced non-finite verbal modifier','vmod'),(48,'open clausal complement','xcomp'),(49,'controlling subject','xsubj');
/*!40000 ALTER TABLE `relation_type` ENABLE KEYS */;
UNLOCK TABLES;

--
-- Table structure for table `story`
--

DROP TABLE IF EXISTS `story`;
/*!40101 SET @saved_cs_client     = @@character_set_client */;
/*!40101 SET character_set_client = utf8 */;
CREATE TABLE `story` (
  `id` int(11) NOT NULL,
  `story_intro` varchar(1000) NOT NULL,
  `story_body` varchar(1000) NOT NULL,
  `story_con` varchar(1000) NOT NULL,
  PRIMARY KEY (`id`)
) ENGINE=InnoDB DEFAULT CHARSET=utf8;
/*!40101 SET character_set_client = @saved_cs_client */;

--
-- Dumping data for table `story`
--

LOCK TABLES `story` WRITE;
/*!40000 ALTER TABLE `story` DISABLE KEYS */;
/*!40000 ALTER TABLE `story` ENABLE KEYS */;
UNLOCK TABLES;

--
-- Table structure for table `template`
--

DROP TABLE IF EXISTS `template`;
/*!40101 SET @saved_cs_client     = @@character_set_client */;
/*!40101 SET character_set_client = utf8 */;
CREATE TABLE `template` (
  `id` int(11) NOT NULL AUTO_INCREMENT,
  `groupID` int(11) NOT NULL,
  `template` varchar(250) NOT NULL,
  `birthday` int(11) NOT NULL,
  `work` int(11) NOT NULL,
  `family` int(11) NOT NULL,
  `education` int(11) NOT NULL,
  `location` int(11) NOT NULL,
  `hometown` int(11) NOT NULL,
  `gender` int(11) NOT NULL,
  PRIMARY KEY (`id`)
) ENGINE=InnoDB AUTO_INCREMENT=48 DEFAULT CHARSET=utf8;
/*!40101 SET character_set_client = @saved_cs_client */;

--
-- Dumping data for table `template`
--

LOCK TABLES `template` WRITE;
/*!40000 ALTER TABLE `template` DISABLE KEYS */;
INSERT INTO `template` VALUES (1,1,'<name><intro_optional><intro_current_education>.',0,0,0,0,0,0,0),(2,1,'<name><intro_optional><intro_current_work>.',0,0,0,0,0,0,0),(3,1,'<name><intro_optional><intro_birth_circumstances>.',0,0,0,0,0,0,0),(4,2,'<intro_birth_circumstances>',1,0,0,0,0,0,0),(5,2,'is a <age>-year old <gender> who',1,0,0,0,0,0,1),(6,3,', born on <birthday>,',1,0,0,0,0,0,0),(7,3,'was born on <birthday>',1,0,0,0,0,0,0),(10,4,'is from <hometown>, and is now living in <location>',0,0,0,0,1,1,0),(12,4,'hails from <hometown>, and is living in <location>',0,0,0,0,1,1,0),(14,4,'hailed from <hometown>, and is now living in <location>',0,0,0,0,1,1,0),(16,1,'<intro_education> and <intro_current_work>',0,0,0,0,0,0,0),(17,1,'<intro_education> and <intro_current_education>',0,0,0,0,0,0,0),(18,1,'<intro_education>',0,0,0,0,0,0,0),(19,1,'is now studying at <institution>',0,0,0,1,0,0,0),(20,11,'is now working at <institution>',0,1,0,0,0,0,0),(21,11,'worked from <job_start> to <job_end> at <institution>',0,1,0,0,0,0,0),(22,1,'worked from <job_start> to <job_end> at <institution> and <intro_current_work>',0,1,0,0,0,0,0),(23,1,'worked from <job_start> to <job_end> at <institution> and <intro_current_education>',0,1,0,0,0,0,0),(24,7,'graduated grade school in <institution> <intro_education_time>',0,0,0,1,0,0,0),(25,8,'graduated high school in <institution> <intro_education_time>',0,0,0,1,0,0,0),(26,9,'graduated college in <institution> <intro_education_time>',0,0,0,1,0,0,0),(27,7,'got his grade school diploma from <institution> <intro_education_time>',0,0,0,1,0,0,0),(28,8,'got his high school diploma from <institution> <intro_education_time>',0,0,0,1,0,0,0),(29,9,'got his college diploma from <institution> <intro_education_time>',0,0,0,1,0,0,0),(33,10,'last <grad_year>',0,0,0,1,0,0,0),(34,10,'in <grad_year>',0,0,0,1,0,0,0),(35,10,'on <grad_year>',0,0,0,1,0,0,0),(40,12,'He is the son of <father> and <mother>',0,0,1,0,0,0,0),(41,12,'She is the daughter of <father> and <mother>',0,0,1,0,0,0,0),(42,12,'He is the son of <father>',0,0,1,0,0,0,0),(43,12,'He is the son of <mother>',0,0,1,0,0,0,0),(44,12,'She is the daughter of <father>',0,0,1,0,0,0,0),(45,12,'She is the daughter of <mother>',0,0,1,0,0,0,0),(46,5,'is living in <location>',0,0,0,0,1,0,0),(47,6,'is from <hometown>',0,0,0,0,0,1,0);
/*!40000 ALTER TABLE `template` ENABLE KEYS */;
UNLOCK TABLES;

--
-- Table structure for table `template_group`
--

DROP TABLE IF EXISTS `template_group`;
/*!40101 SET @saved_cs_client     = @@character_set_client */;
/*!40101 SET character_set_client = utf8 */;
CREATE TABLE `template_group` (
  `id` int(11) NOT NULL AUTO_INCREMENT,
  `groupName` varchar(100) NOT NULL,
  PRIMARY KEY (`id`)
) ENGINE=InnoDB AUTO_INCREMENT=13 DEFAULT CHARSET=utf8;
/*!40101 SET character_set_client = @saved_cs_client */;

--
-- Dumping data for table `template_group`
--

LOCK TABLES `template_group` WRITE;
/*!40000 ALTER TABLE `template_group` DISABLE KEYS */;
INSERT INTO `template_group` VALUES (1,'intro_first_sentence'),(2,'intro_birthday'),(3,'intro_birth_circumstances'),(4,'location, hometown'),(5,'intro_location'),(6,'intro_hometown'),(7,'intro_education_gs'),(8,'intro_education_hs'),(9,'intro_education_college'),(10,'intro_education_time'),(11,'intro_current_work'),(12,'intro_family');
/*!40000 ALTER TABLE `template_group` ENABLE KEYS */;
UNLOCK TABLES;

--
-- Table structure for table `to_be_processed`
--

DROP TABLE IF EXISTS `to_be_processed`;
/*!40101 SET @saved_cs_client     = @@character_set_client */;
/*!40101 SET character_set_client = utf8 */;
CREATE TABLE `to_be_processed` (
  `id` int(11) NOT NULL AUTO_INCREMENT,
  `data` varchar(10000) DEFAULT NULL,
  `fbID` varchar(45) DEFAULT NULL,
  `tagged` varchar(5000) DEFAULT NULL,
  `place` varchar(1000) DEFAULT NULL,
  `city` varchar(1000) DEFAULT NULL,
  `country` varchar(1000) DEFAULT NULL,
  `year` varchar(45) DEFAULT NULL,
  `month` varchar(45) DEFAULT NULL,
  `day` varchar(45) DEFAULT NULL,
  `verb` varchar(500) DEFAULT NULL,
  `noun` varchar(500) DEFAULT NULL,
  `post_type` int(11) DEFAULT NULL,
  PRIMARY KEY (`id`)
) ENGINE=InnoDB AUTO_INCREMENT=5818 DEFAULT CHARSET=utf8;
/*!40101 SET character_set_client = @saved_cs_client */;

--
-- Dumping data for table `to_be_processed`
--

LOCK TABLES `to_be_processed` WRITE;
/*!40000 ALTER TABLE `to_be_processed` DISABLE KEYS */;
INSERT INTO `to_be_processed` VALUES (5248,'Palace of Fine Arts 🏰','10206280850420393','','Palace of Fine Arts','San Francisco','United States','2016','12','24',NULL,NULL,NULL),(5249,'💫','10206274909471873','','Ghirardelli Square','San Francisco','United States','2016','12','23',NULL,NULL,NULL),(5250,'Make it count 💫','10206103450705511','',NULL,NULL,NULL,'2016','12','04',NULL,NULL,NULL),(5251,'❤️','10205970967433512','Jervy Santiago',NULL,NULL,NULL,'2016','11','13',NULL,NULL,NULL),(5252,'Happy happy 18th birthday @syao10 💕💕 Love love love you!! Gotchu always 😉','10205524213824951','',NULL,NULL,NULL,'2016','09','10',NULL,NULL,NULL),(5253,'HAPPY HAPPY BIRTHDAY DIEGWAPO!! 😂❤️','10205324886001880','Diego Pantaleon',NULL,NULL,NULL,'2016','08','15',NULL,NULL,NULL),(5254,'Done with NSTP 🎉','10205174249116052','','Tanza National High School, Tanza, Navotas City','Navotas','Philippines','2016','07','23',NULL,NULL,NULL),(5255,'Robi Domingo and Robi Diego 😂','10205033874046763','',NULL,NULL,NULL,'2016','06','30',NULL,NULL,NULL),(5256,'6/24/16 ✨','10205000380409443','Eduardo Gargarita','Enchanted Kingdom','Santa Rosa','Philippines','2016','06','24',NULL,NULL,NULL),(5257,'Teacher by day, World\'s best mom by night. ❤️','10204739520368105','Vilma Tan Sy',NULL,NULL,NULL,'2016','05','08',NULL,NULL,NULL),(5258,'Quick escape ☀️','10204723225720749','',NULL,NULL,NULL,'2016','05','05',NULL,NULL,NULL),(5259,'Happy 19th Anniversary mom and dad! ❤️','10204679821475670','Vilma Tan Sy and Glenn Allen Sy',NULL,NULL,NULL,'2016','04','28',NULL,NULL,NULL),(5260,'Match ❤️','10204546098572681','',NULL,NULL,NULL,'2016','04','03',NULL,NULL,NULL),(5261,'Still enjoyed disneyland while raining. \n\n✅ off my bucket list.','10204448152524091','','香港迪士尼樂園 Disneyland Hk','Hong Kong','Hong Kong','2016','03','24',NULL,NULL,NULL),(5262,'Dessert Kitchen ❤️💯','10204307790615131','','The Dessert Kitchen 甜品工房','Makati','Philippines','2016','03','06',NULL,NULL,NULL),(5263,'HAPPY BIRTHDAY DONA!! ❤️👯','10204236244786530','Donalie Yap',NULL,NULL,NULL,'2016','02','22',NULL,NULL,NULL),(5264,'With one minute to spare 😁🎉','10204159581670000','','Mystery Manila','Makati','Philippines','2016','02','07',NULL,NULL,NULL),(5265,'ROYGBIV 🌈❤️','10204133527538663','',NULL,NULL,NULL,'2016','02','01',NULL,NULL,NULL),(5266,'Judo class is more fun with the pips ❤️','10204050502303084','','Enrique Razon Bldg., De La Salle University - Manila','Manila','Philippines','2016','01','14',NULL,NULL,NULL),(5267,'Happy New Year from my family to yours! ❤️🎉','10203991986680230','','Fremont, CA, United States','Fremont','United States','2016','01','01',NULL,NULL,NULL),(5268,'Year ender. ✅ off my bucket list ⛷🎿','10203986611425852','','Lake Tahoe - Nevada','South Lake Tahoe, CA',NULL,'2016','01','01',NULL,NULL,NULL),(5269,'☃','10203982117073496','','Lake Tahoe','Reno, NV',NULL,'2015','12','30',NULL,NULL,NULL),(5270,'#SYtravels ❤️','10203958899133062','','Hollywood Sign','Los Angeles','United States','2015','12','26',NULL,NULL,NULL),(5271,'Sea World 🐋','10203949569299822','','Sea World Parks San Diego','San Diego','United States','2015','12','25',NULL,NULL,NULL),(5272,'Vegas2015 🎉 #SYtravels','10203936275487485','',NULL,NULL,NULL,'2015','12','22',NULL,NULL,NULL),(5273,'Yearly straight from the airport habit ❤️','10203929252991927','',NULL,NULL,NULL,'2015','12','20',NULL,NULL,NULL),(5274,'Breathe in the future, breathe out the past. 🗽','10203881388595347','',NULL,NULL,NULL,'2015','12','08',NULL,NULL,NULL),(5275,'Healthy sunday at Green Pastures 😋❤️','10203819279802666','','Green Pastures','Mandaluyong','Philippines','2015','11','22',NULL,NULL,NULL),(5276,'Happy Sunday ❤️','10203764992925528','',NULL,NULL,NULL,'2015','11','08',NULL,NULL,NULL),(5277,'SO CLOSE! 😂','10203759179020184','',NULL,NULL,NULL,'2015','11','06',NULL,NULL,NULL),(5278,'It is up to you to see the beauty in everyday things. ✌🏻️','10203718280357743','',NULL,NULL,NULL,'2015','10','25',NULL,NULL,NULL),(5279,'Chill 🍦','10203689503718345','',NULL,NULL,NULL,'2015','10','18',NULL,NULL,NULL),(5280,'CONGRATS TO US BLOCK ED!!!!! SO PROUD OF YOU GUYZ!!!!! #EDwow 💚💚💚','10203678743409344','','De La Salle University','Manila','Philippines','2015','10','15',NULL,NULL,NULL),(5281,'There is no sincerer love than the love of food. 😋💞','10203640450292040','',NULL,NULL,NULL,'2015','10','04',NULL,NULL,NULL),(5282,'#EDwow BTS 😁💞','10203577383075399','',NULL,NULL,NULL,'2015','09','20',NULL,NULL,NULL),(5283,'Pua tiong chu 2015 😁💞🎲🎲','10203520477092785','',NULL,NULL,NULL,'2015','09','05',NULL,NULL,NULL),(5284,'Ladureé x manila 💞','10203494059112352','',NULL,NULL,NULL,'2015','08','31',NULL,NULL,NULL),(5285,'Dean & Deluca 💞','10203493062087427','',NULL,NULL,NULL,'2015','08','31',NULL,NULL,NULL),(5286,'2000 pieces, conquered. 💪🏻','10203484437791825','',NULL,NULL,NULL,'2015','08','29',NULL,NULL,NULL),(5287,'❤️','10203421337494357','',NULL,NULL,NULL,'2015','08','16',NULL,NULL,NULL),(5288,'Sunday Tea Time ☕️','10203353659922460','',NULL,NULL,NULL,'2015','08','02',NULL,NULL,NULL),(5289,'mini monopoly thursdate😁💞 #sgslife','10203339057677413','',NULL,NULL,NULL,'2015','07','30',NULL,NULL,NULL),(5290,'Happy birthday mommy! 😁💞','10203283958619971','Vilma Tan Sy',NULL,NULL,NULL,'2015','07','20',NULL,NULL,NULL),(5291,'It\'s always the small pieces that make the big picture. 🗽\n\nCompleted: 6/26/15','10203268558474977','',NULL,NULL,NULL,'2015','07','15',NULL,NULL,NULL),(5292,'If life was easy where would all the adventures be?🎀 #sgslife 👯','10203226361940090','Sandra Co and Sandra Rachelle Yao',NULL,NULL,NULL,'2015','07','06',NULL,NULL,NULL),(5293,'@takaw_co This is how i can describe you.....\nS- savior\n ( always saving me / our class from \"harm\")\nA- awesome \n(the most awesome class leader everrr)\nN- nonstop \n( nonstop kwentuhan pag kasama ka)\nD- determined\n (determined to be successful in every way)\nR- rare \n(kht marami kang kapangalan ikaw pa rin ang nag-iisang Sandra Co sa amin)\nA- accesible\n ( always there when we need her)\n\nTo my partner in crime in school, HAPPY HAPPY BIRTHDAY! Love love love you 💞','10203203655492443','Sandra Co',NULL,NULL,NULL,'2015','07','01',NULL,NULL,NULL),(5294,'Minion army 😜','10203185114428928','',NULL,NULL,NULL,'2015','07','01',NULL,NULL,NULL),(5295,'Thank you so much @marshmallow_st for my macbook casing and decals! 😍','10203116153024936','',NULL,NULL,NULL,'2015','06','13',NULL,NULL,NULL),(5296,'Happy birthday daddy! I love you💞','10203107772415426','Glenn Allen Sy',NULL,NULL,NULL,'2015','06','12',NULL,NULL,NULL),(5297,'\"Light tomorrow with today.\" 😁','10203092002221181','',NULL,NULL,NULL,'2015','06','07',NULL,NULL,NULL),(5298,'With @kylienicolepadilla 😁💕','10203000802141236','',NULL,NULL,NULL,'2015','05','23',NULL,NULL,NULL),(5299,'Let your smile change the world. don\'t let the world change your smile. 😁💞','10202933582180779','','San Agustin Church, Manila','Manila','Philippines','2015','05','10',NULL,NULL,NULL),(5300,'Happy mother\'s day mommy! Love you 😘💞','10202932747679917','',NULL,NULL,NULL,'2015','05','10',NULL,NULL,NULL),(5301,'Hello Kitty 中菜軒 😍💕','10202920953825078','Vilma Tan Sy',NULL,NULL,NULL,'2015','05','08',NULL,NULL,NULL),(5302,'The Orginal Michelin Star Tim Ho Wan 😋💕','10202919527269415','','Tim Ho Wan - Sham Shui Po','Hong Kong','Hong Kong','2015','05','07',NULL,NULL,NULL),(5303,'@thekhalilramos 😁','10202856810501535','',NULL,NULL,NULL,'2015','04','25',NULL,NULL,NULL),(5304,'Good times and crazy friends make the best memories. 💞💫','10202816458892770','',NULL,NULL,NULL,'2015','04','19',NULL,NULL,NULL),(5305,'My journey starts here.💚','10202764790881102','',NULL,NULL,NULL,'2015','04','12',NULL,NULL,NULL),(5306,'Pawfection.','10202751745674980','',NULL,NULL,NULL,'2015','04','08',NULL,NULL,NULL),(5307,'Saw Alex Gonzaga at Rockwell Cinema :)','10202727669033079','',NULL,NULL,NULL,'2015','04','05',NULL,NULL,NULL),(5308,'Paradise. ☀️','10202713654322720','','Hidden Valley Spring Resort Alaminos, Laguna','Alaminos','Philippines','2015','04','05',NULL,NULL,NULL),(5309,'Finishing my night with a candle lit dinner under the stars.','10202706721669408','','Hidden Valley Springs Resort','Alaminos','Philippines','2015','04','02',NULL,NULL,NULL),(5310,'My one \"decent\" photo that night.  \nThank you @reapinpin for my makeup \n#loveguess','10202701768425580','',NULL,NULL,NULL,'2015','04','01',NULL,NULL,NULL),(5311,'Gatsby nails.✌️','10202675330244642','',NULL,NULL,NULL,'2015','03','27',NULL,NULL,NULL),(5312,'Keep calm and ride on.','10202617360795442','',NULL,NULL,NULL,'2015','03','17',NULL,NULL,NULL),(5313,'Caption: takot umitim. summer vibe☀️','10202602652867753','',NULL,NULL,NULL,'2015','03','15',NULL,NULL,NULL),(5314,'Welcome home lunch :)))) Straight from san fransisco! ✈️\nTop left photo angkong teaching@ysannej how to use a stethoscope. Guinea pig @garvinsy \nTop right photo yofie @jel.sy.unas and great grandfather sharing twinpops','10202565321614495','','La Fiesta A Taste of Filipino Food','Pasay City','Philippines','2015','03','08',NULL,NULL,NULL),(5315,'Original x dulce de leche x nutella #lalolaph','10202532331789770','',NULL,NULL,NULL,'2015','03','01',NULL,NULL,NULL),(5316,'Instagram worthy:)','10202531994981350','','Chili\'s Rockwell','Makati','Philippines','2015','03','01',NULL,NULL,NULL),(5317,'Welcome to the Sy Family!!!','10202373461618115','',NULL,NULL,NULL,'2015','01','26',NULL,NULL,NULL),(5318,'In-n-out is ready to come home with us!:)','10202248290888925','Felisa Sy and Gary Sy',NULL,NULL,NULL,'2015','01','03',NULL,NULL,NULL),(5319,'Color of the day','10202248186766322','',NULL,NULL,NULL,'2015','01','03',NULL,NULL,NULL),(5320,'Last breakfast @ ihop','10202244329509893','','IHOP Restaurant','Union City','United States','2015','01','03',NULL,NULL,NULL),(5321,'To die for!','10202236682718728','','BJ\'s Restaurant and Brewhouse','Newark','United States','2015','01','01',NULL,NULL,NULL),(5322,'Celebrating the New Year and the birthday of Uncle Gerry :)','10202230944775283','Gwylyn Aivy Sy, Vilma Tan Sy, Glenn Allen Sy, Gladwin Sy, Gladiel Sy, Cecille Sy, Jen Tan Sy, Gerard Sy, Gaviel Sy, Andrew Sy and Gladys Anne Sy','San Fransisco Bay Area',NULL,NULL,'2015','01','01',NULL,NULL,NULL),(5323,'Paunahan ba maglagay ng star sa christmas tree? Team A or Team B? Hahaha 😂🎄','10202219049757915','Gwylyn Aivy Sy, Vilma Tan Sy, Glenn Allen Sy, Gladwin Sy, Cecille Sy, Jen Tan Sy, Gerard Sy, Gaviel Sy, Andrew Sy and Gladys Anne Sy',NULL,NULL,NULL,'2014','12','30',NULL,NULL,NULL),(5324,'It\'s a bad habit to eat at The Habit.','10202218081013697','Cecille Sy','The Habit Burger Grill','Fremont','United States','2015','01','01',NULL,NULL,NULL),(5325,'My first (hopefully not the last ehem) RosheRun  #happykid','10202211393846522','',NULL,NULL,NULL,'2014','12','29',NULL,NULL,NULL),(5326,'#nofilter','10202200150525446','',NULL,NULL,NULL,'2014','12','27',NULL,NULL,NULL),(5327,'The struggle to get 1 good photo on a windy day','10202192366050839','','Century 25 Theater Union Landing','Castro Valley','United States','2014','12','25',NULL,NULL,NULL),(5328,'Straight from the airport:)','10202167266863375','','In-N-Out Burger','Union City','United States','2014','12','21',NULL,NULL,NULL),(5329,'💫','10202166872853525','',NULL,NULL,NULL,'2014','12','21',NULL,NULL,NULL),(5330,'#unexpected','10202163289763950','',NULL,NULL,NULL,'2014','12','22',NULL,NULL,NULL),(5331,'Comme Des Garcon❤️','10202040763180862','',NULL,NULL,NULL,'2014','11','23',NULL,NULL,NULL),(5332,'Oreo cheesecake!❤️','10201925737905302','',NULL,NULL,NULL,'2014','10','30',NULL,NULL,NULL),(5333,'New love. ❤️','10201921365635998','',NULL,NULL,NULL,'2014','10','29',NULL,NULL,NULL),(5334,'Second day!:)))❤️ @fitfoodmanila','10201912779101340','',NULL,NULL,NULL,'2014','10','27',NULL,NULL,NULL),(5335,'Just arrived!:) thank youuu @fitfoodmanila','10201907524249972','',NULL,NULL,NULL,'2014','10','26',NULL,NULL,NULL),(5336,'oreo cookie dough!!! ❤️❤️❤️ thank you @sweettreatspantry','10201897566401032','',NULL,NULL,NULL,'2014','10','24',NULL,NULL,NULL),(5337,'Can\'t decide','10201884295869277','',NULL,NULL,NULL,'2014','10','23',NULL,NULL,NULL),(5338,'❤️','10201874468943610','','Todd English Food Hall Manila','Taguig','Philippines','2014','10','19',NULL,NULL,NULL),(5339,'O.M.G.','10201874453023212','','Todd English Food Hall Manila','Taguig','Philippines','2014','10','19',NULL,NULL,NULL),(5340,'So much love✌️✌️','10201839820997433','',NULL,NULL,NULL,'2014','10','12',NULL,NULL,NULL),(5341,'Math Project Runway','10201801412477244','Justin Ethan Yu, Wei Ming Xu and Keith Chan',NULL,NULL,NULL,'2014','10','06',NULL,NULL,NULL),(5342,'Happy Birthday Yofieee! ❤️❤️ @itsmejelsy @ilovejelsy','10201790001831985','',NULL,NULL,NULL,'2014','10','04',NULL,NULL,NULL),(5343,'3❤️','10201782770691211','',NULL,NULL,NULL,'2014','10','06',NULL,NULL,NULL),(5344,'Pepero party!❤️❤️','10201757585701602','',NULL,NULL,NULL,'2014','09','28',NULL,NULL,NULL),(5345,'Happy sunday!❤️','10201725968351188','','Chateau 1771','Makati','Philippines','2014','09','21',NULL,NULL,NULL),(5346,'Pua Tiong Chiu! 9-05-14 ❤️','10201654021592564','',NULL,NULL,NULL,'2014','09','06',NULL,NULL,NULL),(5347,'I\'m in the fast lane, \nFrom LA to Tokyo❤️','10201565738465541','',NULL,NULL,NULL,'2014','08','21',NULL,NULL,NULL),(5348,'Happy sunday!❤️','10201544955545981','','Chateau 1771','Makati','Philippines','2014','08','17',NULL,NULL,NULL),(5349,'@ mamou ❤️','10201508149705858','','Mamou - Powerplant Mall, Rockwell','Makati','Philippines','2014','08','09',NULL,NULL,NULL),(5350,'Happy birthday!!!!  @ysannej','10201503375346502','',NULL,NULL,NULL,'2014','08','08',NULL,NULL,NULL),(5351,'8/02/14 ❤️❤️','10201472454533501','',NULL,NULL,NULL,'2014','08','02',NULL,NULL,NULL),(5352,'OOTN','10201440254808528','',NULL,NULL,NULL,'2014','07','26',NULL,NULL,NULL),(5353,'The smile on my face doesn\'t mean my life is perfect. It means I appreciate what I have and what God has given me.:)','10201431925440299','',NULL,NULL,NULL,'2014','07','26',NULL,NULL,NULL),(5354,'Happy birthday ama:) ❤️','10201422286719337','',NULL,NULL,NULL,'2014','07','22',NULL,NULL,NULL),(5355,'Hello again Ladurée babies❤️','10201417235993072','',NULL,NULL,NULL,'2014','07','21',NULL,NULL,NULL),(5356,'Share a coke with SY family','10201408362331236','',NULL,NULL,NULL,'2014','07','20',NULL,NULL,NULL),(5357,'Pagbigyan, first time:P','10201394463823782','',NULL,NULL,NULL,'2014','07','16',NULL,NULL,NULL),(5358,'Being artsie','10201390290439450','',NULL,NULL,NULL,'2014','07','15',NULL,NULL,NULL),(5359,'Family ❤️','10201341717345153','',NULL,NULL,NULL,'2014','07','05',NULL,NULL,NULL),(5360,'What you think of yourself is much more important than what people think of you.','10201341068928943','',NULL,NULL,NULL,'2014','07','05',NULL,NULL,NULL),(5361,'Selfie with mom and shobs','10201340852883542','Gwylyn Aivy Sy and Vilma Tan Sy',NULL,NULL,NULL,'2014','07','05',NULL,NULL,NULL),(5362,'Scout uniform!!!:D ✌️✌️','10201332702199780','',NULL,NULL,NULL,'2014','07','05',NULL,NULL,NULL),(5363,'Tokyo Disneyland Dreamlights','10201308974166594','',NULL,NULL,NULL,'2014','06','29',NULL,NULL,NULL),(5364,'I just love this pink gloves','10201285185291887','',NULL,NULL,NULL,'2014','06','24',NULL,NULL,NULL),(5365,'Red❤️ #pandora','10201275741815806','',NULL,NULL,NULL,'2014','06','22',NULL,NULL,NULL),(5366,'Today\'s ootd✌️','10201274771991561','',NULL,NULL,NULL,'2014','06','22',NULL,NULL,NULL),(5367,'Rolls-royce!! Wow','10201240745940931','',NULL,NULL,NULL,'2014','06','16',NULL,NULL,NULL),(5368,'Wow!! WE WON!!!!','10201240502374842','',NULL,NULL,NULL,'2014','06','15',NULL,NULL,NULL),(5369,'Outfit of the day✌️','10201239568151487','',NULL,NULL,NULL,'2014','06','16',NULL,NULL,NULL),(5370,'LOL new ride','10201224223247874','',NULL,NULL,NULL,'2014','06','13',NULL,NULL,NULL),(5371,'Awesome birthday cake of daddy!! ❤️','10201220377071722','',NULL,NULL,NULL,'2014','06','12',NULL,NULL,NULL),(5372,'Happy birthday superdad!! ❤️❤️','10201220304749914','Glenn Allen Sy',NULL,NULL,NULL,'2014','06','12',NULL,NULL,NULL),(5373,'\"WIWT\" © @syao10 ✌️','10201198638688276','',NULL,NULL,NULL,'2014','06','07',NULL,NULL,NULL),(5374,'Sun-kissed skin☀️','10201160023722926','',NULL,NULL,NULL,'2014','05','31',NULL,NULL,NULL),(5375,'Ootd','10201129294194707','',NULL,NULL,NULL,'2014','05','26',NULL,NULL,NULL),(5376,'Our version of fruit grill!','10201106927995566','',NULL,NULL,NULL,'2014','05','20',NULL,NULL,NULL),(5377,'Bored sa science ehh hahaha','10201075809617626','',NULL,NULL,NULL,'2014','05','14',NULL,NULL,NULL),(5378,'Changing my color! ❤️ #pandora','10201067561251422','',NULL,NULL,NULL,'2014','05','12',NULL,NULL,NULL),(5379,'Finally! Nakapunta na rin:)))','10201020221507958','','Magnum Manila Cafe','Taguig','Philippines','2014','05','03',NULL,NULL,NULL),(5380,'Family polo shirt!  #ralphlauren','10200991139020914','',NULL,NULL,NULL,'2014','04','29',NULL,NULL,NULL),(5381,'Happy happy anniversary to the bestest parents in the world!!!  i love you both so so much!!!!❤️❤️❤️','10200990593287271','Vilma Tan Sy and Glenn Allen Sy',NULL,NULL,NULL,'2014','04','28',NULL,NULL,NULL),(5382,'Newly groomed cutie','10200936958186427','',NULL,NULL,NULL,'2014','04','16',NULL,NULL,NULL),(5383,'HIS acct has been hacked. Pls add HIS new acct Alexander James Tan','10200915533290818','',NULL,NULL,NULL,'2014','04','13',NULL,NULL,NULL),(5384,'Added some more:D joke lg 18kitkats pala:) ✌️','10200907089199721','',NULL,NULL,NULL,'2014','04','11',NULL,NULL,NULL),(5385,'Kitkat craze!!!!:))))','10200901858508957','',NULL,NULL,NULL,'2014','04','11',NULL,NULL,NULL),(5386,'Duometrix LOVE<3 will miss you guyz!!!!!:)) <3','10200735346906271','',NULL,NULL,NULL,'2014','03','04',NULL,NULL,NULL),(5387,'With Kathryn Bernardo again:))','4707858714656','','Smx Mall Of Asia','Parañaque','Philippines','2013','09','01',NULL,NULL,NULL),(5388,'Me with Kathryn Bernardo:)','4055904416206','','Filmex studio B',NULL,NULL,'2013','04','11',NULL,NULL,NULL),(5389,'Toilet restaurant=)','3779945757412','',NULL,NULL,NULL,'2013','02','01',NULL,NULL,NULL),(5390,'NAil art!:)','3560279985905','',NULL,NULL,NULL,'2012','12','20',NULL,NULL,NULL),(5391,'complete? =)','3278463500669','',NULL,NULL,NULL,'2012','09','28',NULL,NULL,NULL),(5392,'Gary Sy- a-peh:-) we bought your ice cream.... OS na d2 sa greenhills.... :-) ube na lang natira:))','2920439510293','',NULL,NULL,NULL,'2012','06','22',NULL,NULL,NULL),(5393,'Cover Photo - Be the first of your friends to use our unique Covers for Facebook. Visit http://covermaker.net/','2491222020124','',NULL,NULL,NULL,'2012','03','09',NULL,NULL,NULL),(5394,'Timeline Cover Creator - http://apps.facebook.com/cover-timeline','2386385279271','',NULL,NULL,NULL,'2012','02','15',NULL,NULL,NULL),(5395,'Cover Photo - Be the first of your friends to use our unique Covers for Facebook. Visit http://covermaker.net/','2364551453439','',NULL,NULL,NULL,'2012','02','11',NULL,NULL,NULL),(5396,'ATTENTION : THE HACKERS HAVE ALREADY ENTERED FACEBOOK AND THEY ARE PUTTING SEXUAL VIDEOS FROM YOUR NAME TO THE WALLS OF YOUR FRIENDS WITHOUT YOU KNOWING IT! YOU DON\'T SEE IT, BUT OTHER PEOPLE CAN SEE IT AS IF IT WERE A PUBLICATION THAT YOU MADE! SO IF YOU RECEIVE SOMETHING ABOUT A VIDEO, IT\'S NOT MINE! Copy this onto your wall, it\'s for THE SECURITY OF YOUR OWN IMAGE.','1944936843336','',NULL,NULL,NULL,'2011','11','16',NULL,NULL,NULL),(5397,'wahahahaha XDanga','1824053861337','',NULL,NULL,NULL,'2011','10','01',NULL,NULL,NULL),(5398,'To all facebook user...\n FACEBOOK JUST RELEASED THEIR PRICE GRID FOR MEMBERSHIP. $9.99 PER MONTH FOR GOLD MEMBER SERVICES, $6.99 PER MONTH FOR SILVER MEMBER SERVICES, $3.99 PER MONTH FOR BRONZE MEMBER SERVICES, FREE IF YOU COPY AND PASTE THIS MESSAGE BEFORE MIDNIGHT TONIGHT. WHEN YOU SIGN ON TOMORROW MORNING YOU WILL BE PROMPTED FOR PAYMENT INFO...IT IS OFFICIAL IT WAS EVEN ON THE NEWS. FACEBOOK WILL START CHARGING DUE TO THE NEW PROFILE CHANGES. IF YOU COPY THIS ON YOUR WALL YOUR ICON WILL TURN BLUE AND FACEBOOK WILL BE FREE FOR YOU. PLEASE PASS THIS MESSAGE ON IF NOT YOUR ACCOUNT WILL BE DELETED IF YOU DO NOT PAY.','1812201805043','',NULL,NULL,NULL,'2011','09','26',NULL,NULL,NULL),(5399,'father mother son... haha XD','1805133068329','Axl Ty, Jericho Sanchez and Anson Que',NULL,NULL,NULL,'2011','09','23',NULL,NULL,NULL),(5400,'graduate na q!!!!!!!!woohooo!!!!!!! :D','1490144073801','',NULL,NULL,NULL,'2011','04','05',NULL,NULL,NULL),(5401,'Avatar has I Love MUSIC T-shirt, Light Blue Shorts.','1345837786234','',NULL,NULL,NULL,'2010','11','26',NULL,NULL,NULL),(5402,'2 na lang pls.\n','101497453228815','',NULL,NULL,NULL,'2010','04','26',NULL,NULL,NULL),(5403,'pls. give me puppy kibbles and dog treats tnx.XD','115381011816986','',NULL,NULL,NULL,'2010','04','22',NULL,NULL,NULL),(5404,'wag blankets pls.','119713781372458','',NULL,NULL,NULL,'2010','04','19',NULL,NULL,NULL),(5405,'pls. give me !!!!!!!!!!!!!!!!!!!!!!!!!!!!','116181668397628','',NULL,NULL,NULL,'2010','04','08',NULL,NULL,NULL),(5406,' pls. wag na harness horseshoe or nail tnx :D','106725069357561','',NULL,NULL,NULL,'2010','03','24',NULL,NULL,NULL),(5407,'pls. don\'t dive me paned wood and aged brick pls. give me i promise i will give u one','102058399832001','',NULL,NULL,NULL,'2010','03','20',NULL,NULL,NULL),(5408,'pls. don\'t give me paned wood and aged brick tnx :D','100259400014377','',NULL,NULL,NULL,'2010','03','19',NULL,NULL,NULL),(5409,'pls. don\'t give me harness and horseshoe tnx :D','105640012798374','',NULL,NULL,NULL,'2010','03','19',NULL,NULL,NULL),(5410,'pls. bigyan nyo ako wag na po yung window and brick thanks :D','405767135615','',NULL,NULL,NULL,'2010','03','18',NULL,NULL,NULL),(5411,'anya Ariel happy b-day :D','371907757055','',NULL,NULL,NULL,'2010','03','16',NULL,NULL,NULL),(5412,'pahingi ako ng gold bars and other gold sa fv','346139591892','',NULL,NULL,NULL,'2010','03','05',NULL,NULL,NULL),(5413,'puwede na mag facebook buong gabi la pasok sa umaga','333180256646','',NULL,NULL,NULL,'2010','02','28',NULL,NULL,NULL),(5414,'pls. send me stable materials','326361093037','',NULL,NULL,NULL,'2010','02','28',NULL,NULL,NULL),(5415,'pls. pahingi ng mga things sa spice reck pls. pls. pls. pls.','326069031980','',NULL,NULL,NULL,'2010','02','25',NULL,NULL,NULL),(5416,'pls. fertilized my crops!!!!!!!!!!!!!!!!!!!!!!!!!!!!!!!!!!!!!!!!!!!!!!!!','323422204256','',NULL,NULL,NULL,'2010','02','06',NULL,NULL,NULL),(5417,'finally nahanap na rin si Mrs.Cammayo','280905321260','',NULL,NULL,NULL,'2010','01','29',NULL,NULL,NULL),(5418,'hay naku di ko mahanap si mam cammayo','257150088250','',NULL,NULL,NULL,'2010','01','18',NULL,NULL,NULL),(5419,'HELP!!!!!!!!!!!!!!!!!!!!!!!!!!!!!!!!!!!!!!!!!!!!!!!!!!!!!!!!!!!!!1\n','162803963298','',NULL,NULL,NULL,'2009','10','31',NULL,NULL,NULL),(5420,'HELP!!!!!!!!!!!!!!!!!!!!!!!!!!!!!!!!!!!!!!!!!!!!!!!!!!!!!!!!!!!!!!!!!!!!!!!!!!!!!!!!!!!!!!!!!!!!!!!!!\n','163253232206','',NULL,NULL,NULL,'2009','10','29',NULL,NULL,NULL),(5421,'HELP me PLS.\n','155625763402','',NULL,NULL,NULL,'2009','10','16',NULL,NULL,NULL),(5422,'pls. bigyan nyo ako kahit isa diyan pls. pls. pls. pls. pls. pls. pls. pls. pls.\n','145050694874','',NULL,NULL,NULL,'2009','10','03',NULL,NULL,NULL),(5423,'Pls. pls. pls. I need it pls. pls. pls. pls. pls. pls. pls. pls. pls. pls. pls. pls. pls. pls. pls. pls. pls.','293843380577','',NULL,NULL,NULL,'2009','10','03',NULL,NULL,NULL),(5424,'Help me pls,. I am begging!!!!!!!!!!!!!!!!!!!!!!!!!!!!!!!!!!!!!!!!!!!!!!!!!!!!!!\n','139875321731','',NULL,NULL,NULL,'2009','09','29',NULL,NULL,NULL),(5425,'kung mabait kayo mag tratrade tayo kahit ano na nasa taas\n','117376951738','',NULL,NULL,NULL,'2009','08','04',NULL,NULL,NULL),(5426,'Milk pls.!!!!!!!!!!!!!!!!!!!!!!!!!!!\n','119780794016','',NULL,NULL,NULL,'2009','07','18',NULL,NULL,NULL),(5427,'Milk pls.!!!!!!!!!!!!!!!!!!!!!','101198768519','',NULL,NULL,NULL,'2009','07','18',NULL,NULL,NULL),(5428,'I need this!!!!!!!!!!!!!!!!!!!!!!!!!!!!!!!!!!!\n','103989429729','',NULL,NULL,NULL,'2009','07','18',NULL,NULL,NULL),(5429,'Tulong naman diyan!!!!!!!!!!!!!!!!!!!','131081627523','',NULL,NULL,NULL,'2009','07','18',NULL,NULL,NULL),(5430,'People!!!!!!!!!!! HELP!!!!!!!!!!!!!!!!!!!!!!!!! I need this items.','123790726254','',NULL,NULL,NULL,'2009','07','18',NULL,NULL,NULL),(5431,'Help !!!!!! i need this items.','122123712845','',NULL,NULL,NULL,'2009','07','17',NULL,NULL,NULL),(5432,'I need salad.','102992354463','',NULL,NULL,NULL,'2009','07','17',NULL,NULL,NULL),(5433,'I need butter.','104398559445','',NULL,NULL,NULL,'2009','07','17',NULL,NULL,NULL),(5434,'I need carrots and apple.','101927239354','',NULL,NULL,NULL,'2009','07','17',NULL,NULL,NULL),(5435,'I need bread.','103576103313','',NULL,NULL,NULL,'2009','07','17',NULL,NULL,NULL),(5436,'I NEED MILK MUSHROOM AND GARLIC. HELP!!!!!!!!!!!!!!!!!!!!!!!\n','123039431856','',NULL,NULL,NULL,'2009','07','17',NULL,NULL,NULL),(5437,'I NEED MILK MUSHROOM AND GARLIC.','115476827760','',NULL,NULL,NULL,'2009','07','17',NULL,NULL,NULL),(5438,'Palace of Fine Arts 🏰','10206280850420393','','Palace of Fine Arts','San Francisco','United States','2016','12','24',NULL,NULL,NULL),(5439,'💫','10206274909471873','','Ghirardelli Square','San Francisco','United States','2016','12','23',NULL,NULL,NULL),(5440,'Make it count 💫','10206103450705511','',NULL,NULL,NULL,'2016','12','04',NULL,NULL,NULL),(5441,'❤️','10205970967433512','Jervy Santiago',NULL,NULL,NULL,'2016','11','13',NULL,NULL,NULL),(5442,'Happy happy 18th birthday @syao10 💕💕 Love love love you!! Gotchu always 😉','10205524213824951','',NULL,NULL,NULL,'2016','09','10',NULL,NULL,NULL),(5443,'HAPPY HAPPY BIRTHDAY DIEGWAPO!! 😂❤️','10205324886001880','Diego Pantaleon',NULL,NULL,NULL,'2016','08','15',NULL,NULL,NULL),(5444,'Done with NSTP 🎉','10205174249116052','','Tanza National High School, Tanza, Navotas City','Navotas','Philippines','2016','07','23',NULL,NULL,NULL),(5445,'Robi Domingo and Robi Diego 😂','10205033874046763','',NULL,NULL,NULL,'2016','06','30',NULL,NULL,NULL),(5446,'6/24/16 ✨','10205000380409443','Eduardo Gargarita','Enchanted Kingdom','Santa Rosa','Philippines','2016','06','24',NULL,NULL,NULL),(5447,'Teacher by day, World\'s best mom by night. ❤️','10204739520368105','Vilma Tan Sy',NULL,NULL,NULL,'2016','05','08',NULL,NULL,NULL),(5448,'Quick escape ☀️','10204723225720749','',NULL,NULL,NULL,'2016','05','05',NULL,NULL,NULL),(5449,'Happy 19th Anniversary mom and dad! ❤️','10204679821475670','Vilma Tan Sy and Glenn Allen Sy',NULL,NULL,NULL,'2016','04','28',NULL,NULL,NULL),(5450,'Match ❤️','10204546098572681','',NULL,NULL,NULL,'2016','04','03',NULL,NULL,NULL),(5451,'Still enjoyed disneyland while raining. \n\n✅ off my bucket list.','10204448152524091','','香港迪士尼樂園 Disneyland Hk','Hong Kong','Hong Kong','2016','03','24',NULL,NULL,NULL),(5452,'Dessert Kitchen ❤️💯','10204307790615131','','The Dessert Kitchen 甜品工房','Makati','Philippines','2016','03','06',NULL,NULL,NULL),(5453,'HAPPY BIRTHDAY DONA!! ❤️👯','10204236244786530','Donalie Yap',NULL,NULL,NULL,'2016','02','22',NULL,NULL,NULL),(5454,'With one minute to spare 😁🎉','10204159581670000','','Mystery Manila','Makati','Philippines','2016','02','07',NULL,NULL,NULL),(5455,'ROYGBIV 🌈❤️','10204133527538663','',NULL,NULL,NULL,'2016','02','01',NULL,NULL,NULL),(5456,'Judo class is more fun with the pips ❤️','10204050502303084','','Enrique Razon Bldg., De La Salle University - Manila','Manila','Philippines','2016','01','14',NULL,NULL,NULL),(5457,'Happy New Year from my family to yours! ❤️🎉','10203991986680230','','Fremont, CA, United States','Fremont','United States','2016','01','01',NULL,NULL,NULL),(5458,'Year ender. ✅ off my bucket list ⛷🎿','10203986611425852','','Lake Tahoe - Nevada','South Lake Tahoe, CA',NULL,'2016','01','01',NULL,NULL,NULL),(5459,'☃','10203982117073496','','Lake Tahoe','Reno, NV',NULL,'2015','12','30',NULL,NULL,NULL),(5460,'#SYtravels ❤️','10203958899133062','','Hollywood Sign','Los Angeles','United States','2015','12','26',NULL,NULL,NULL),(5461,'Sea World 🐋','10203949569299822','','Sea World Parks San Diego','San Diego','United States','2015','12','25',NULL,NULL,NULL),(5462,'Vegas2015 🎉 #SYtravels','10203936275487485','',NULL,NULL,NULL,'2015','12','22',NULL,NULL,NULL),(5463,'Yearly straight from the airport habit ❤️','10203929252991927','',NULL,NULL,NULL,'2015','12','20',NULL,NULL,NULL),(5464,'Breathe in the future, breathe out the past. 🗽','10203881388595347','',NULL,NULL,NULL,'2015','12','08',NULL,NULL,NULL),(5465,'Healthy sunday at Green Pastures 😋❤️','10203819279802666','','Green Pastures','Mandaluyong','Philippines','2015','11','22',NULL,NULL,NULL),(5466,'Happy Sunday ❤️','10203764992925528','',NULL,NULL,NULL,'2015','11','08',NULL,NULL,NULL),(5467,'SO CLOSE! 😂','10203759179020184','',NULL,NULL,NULL,'2015','11','06',NULL,NULL,NULL),(5468,'It is up to you to see the beauty in everyday things. ✌🏻️','10203718280357743','',NULL,NULL,NULL,'2015','10','25',NULL,NULL,NULL),(5469,'Chill 🍦','10203689503718345','',NULL,NULL,NULL,'2015','10','18',NULL,NULL,NULL),(5470,'CONGRATS TO US BLOCK ED!!!!! SO PROUD OF YOU GUYZ!!!!! #EDwow 💚💚💚','10203678743409344','','De La Salle University','Manila','Philippines','2015','10','15',NULL,NULL,NULL),(5471,'There is no sincerer love than the love of food. 😋💞','10203640450292040','',NULL,NULL,NULL,'2015','10','04',NULL,NULL,NULL),(5472,'#EDwow BTS 😁💞','10203577383075399','',NULL,NULL,NULL,'2015','09','20',NULL,NULL,NULL),(5473,'Pua tiong chu 2015 😁💞🎲🎲','10203520477092785','',NULL,NULL,NULL,'2015','09','05',NULL,NULL,NULL),(5474,'Ladureé x manila 💞','10203494059112352','',NULL,NULL,NULL,'2015','08','31',NULL,NULL,NULL),(5475,'Dean & Deluca 💞','10203493062087427','',NULL,NULL,NULL,'2015','08','31',NULL,NULL,NULL),(5476,'2000 pieces, conquered. 💪🏻','10203484437791825','',NULL,NULL,NULL,'2015','08','29',NULL,NULL,NULL),(5477,'❤️','10203421337494357','',NULL,NULL,NULL,'2015','08','16',NULL,NULL,NULL),(5478,'Sunday Tea Time ☕️','10203353659922460','',NULL,NULL,NULL,'2015','08','02',NULL,NULL,NULL),(5479,'mini monopoly thursdate😁💞 #sgslife','10203339057677413','',NULL,NULL,NULL,'2015','07','30',NULL,NULL,NULL),(5480,'Happy birthday mommy! 😁💞','10203283958619971','Vilma Tan Sy',NULL,NULL,NULL,'2015','07','20',NULL,NULL,NULL),(5481,'It\'s always the small pieces that make the big picture. 🗽\n\nCompleted: 6/26/15','10203268558474977','',NULL,NULL,NULL,'2015','07','15',NULL,NULL,NULL),(5482,'If life was easy where would all the adventures be?🎀 #sgslife 👯','10203226361940090','Sandra Co and Sandra Rachelle Yao',NULL,NULL,NULL,'2015','07','06',NULL,NULL,NULL),(5483,'@takaw_co This is how i can describe you.....\nS- savior\n ( always saving me / our class from \"harm\")\nA- awesome \n(the most awesome class leader everrr)\nN- nonstop \n( nonstop kwentuhan pag kasama ka)\nD- determined\n (determined to be successful in every way)\nR- rare \n(kht marami kang kapangalan ikaw pa rin ang nag-iisang Sandra Co sa amin)\nA- accesible\n ( always there when we need her)\n\nTo my partner in crime in school, HAPPY HAPPY BIRTHDAY! Love love love you 💞','10203203655492443','Sandra Co',NULL,NULL,NULL,'2015','07','01',NULL,NULL,NULL),(5484,'Minion army 😜','10203185114428928','',NULL,NULL,NULL,'2015','07','01',NULL,NULL,NULL),(5485,'Thank you so much @marshmallow_st for my macbook casing and decals! 😍','10203116153024936','',NULL,NULL,NULL,'2015','06','13',NULL,NULL,NULL),(5486,'Happy birthday daddy! I love you💞','10203107772415426','Glenn Allen Sy',NULL,NULL,NULL,'2015','06','12',NULL,NULL,NULL),(5487,'\"Light tomorrow with today.\" 😁','10203092002221181','',NULL,NULL,NULL,'2015','06','07',NULL,NULL,NULL),(5488,'With @kylienicolepadilla 😁💕','10203000802141236','',NULL,NULL,NULL,'2015','05','23',NULL,NULL,NULL),(5489,'Let your smile change the world. don\'t let the world change your smile. 😁💞','10202933582180779','','San Agustin Church, Manila','Manila','Philippines','2015','05','10',NULL,NULL,NULL),(5490,'Happy mother\'s day mommy! Love you 😘💞','10202932747679917','',NULL,NULL,NULL,'2015','05','10',NULL,NULL,NULL),(5491,'Hello Kitty 中菜軒 😍💕','10202920953825078','Vilma Tan Sy',NULL,NULL,NULL,'2015','05','08',NULL,NULL,NULL),(5492,'The Orginal Michelin Star Tim Ho Wan 😋💕','10202919527269415','','Tim Ho Wan - Sham Shui Po','Hong Kong','Hong Kong','2015','05','07',NULL,NULL,NULL),(5493,'@thekhalilramos 😁','10202856810501535','',NULL,NULL,NULL,'2015','04','25',NULL,NULL,NULL),(5494,'Good times and crazy friends make the best memories. 💞💫','10202816458892770','',NULL,NULL,NULL,'2015','04','19',NULL,NULL,NULL),(5495,'My journey starts here.💚','10202764790881102','',NULL,NULL,NULL,'2015','04','12',NULL,NULL,NULL),(5496,'Pawfection.','10202751745674980','',NULL,NULL,NULL,'2015','04','08',NULL,NULL,NULL),(5497,'Saw Alex Gonzaga at Rockwell Cinema :)','10202727669033079','',NULL,NULL,NULL,'2015','04','05',NULL,NULL,NULL),(5498,'Paradise. ☀️','10202713654322720','','Hidden Valley Spring Resort Alaminos, Laguna','Alaminos','Philippines','2015','04','05',NULL,NULL,NULL),(5499,'Finishing my night with a candle lit dinner under the stars.','10202706721669408','','Hidden Valley Springs Resort','Alaminos','Philippines','2015','04','02',NULL,NULL,NULL),(5500,'My one \"decent\" photo that night.  \nThank you @reapinpin for my makeup \n#loveguess','10202701768425580','',NULL,NULL,NULL,'2015','04','01',NULL,NULL,NULL),(5501,'Gatsby nails.✌️','10202675330244642','',NULL,NULL,NULL,'2015','03','27',NULL,NULL,NULL),(5502,'Keep calm and ride on.','10202617360795442','',NULL,NULL,NULL,'2015','03','17',NULL,NULL,NULL),(5503,'Caption: takot umitim. summer vibe☀️','10202602652867753','',NULL,NULL,NULL,'2015','03','15',NULL,NULL,NULL),(5504,'Welcome home lunch :)))) Straight from san fransisco! ✈️\nTop left photo angkong teaching@ysannej how to use a stethoscope. Guinea pig @garvinsy \nTop right photo yofie @jel.sy.unas and great grandfather sharing twinpops','10202565321614495','','La Fiesta A Taste of Filipino Food','Pasay City','Philippines','2015','03','08',NULL,NULL,NULL),(5505,'Original x dulce de leche x nutella #lalolaph','10202532331789770','',NULL,NULL,NULL,'2015','03','01',NULL,NULL,NULL),(5506,'Instagram worthy:)','10202531994981350','','Chili\'s Rockwell','Makati','Philippines','2015','03','01',NULL,NULL,NULL),(5507,'Welcome to the Sy Family!!!','10202373461618115','',NULL,NULL,NULL,'2015','01','26',NULL,NULL,NULL),(5508,'In-n-out is ready to come home with us!:)','10202248290888925','Felisa Sy and Gary Sy',NULL,NULL,NULL,'2015','01','03',NULL,NULL,NULL),(5509,'Color of the day','10202248186766322','',NULL,NULL,NULL,'2015','01','03',NULL,NULL,NULL),(5510,'Last breakfast @ ihop','10202244329509893','','IHOP Restaurant','Union City','United States','2015','01','03',NULL,NULL,NULL),(5511,'To die for!','10202236682718728','','BJ\'s Restaurant and Brewhouse','Newark','United States','2015','01','01',NULL,NULL,NULL),(5512,'Celebrating the New Year and the birthday of Uncle Gerry :)','10202230944775283','Gwylyn Aivy Sy, Vilma Tan Sy, Glenn Allen Sy, Gladwin Sy, Gladiel Sy, Cecille Sy, Jen Tan Sy, Gerard Sy, Gaviel Sy, Andrew Sy and Gladys Anne Sy','San Fransisco Bay Area',NULL,NULL,'2015','01','01',NULL,NULL,NULL),(5513,'Paunahan ba maglagay ng star sa christmas tree? Team A or Team B? Hahaha 😂🎄','10202219049757915','Gwylyn Aivy Sy, Vilma Tan Sy, Glenn Allen Sy, Gladwin Sy, Cecille Sy, Jen Tan Sy, Gerard Sy, Gaviel Sy, Andrew Sy and Gladys Anne Sy',NULL,NULL,NULL,'2014','12','30',NULL,NULL,NULL),(5514,'It\'s a bad habit to eat at The Habit.','10202218081013697','Cecille Sy','The Habit Burger Grill','Fremont','United States','2015','01','01',NULL,NULL,NULL),(5515,'My first (hopefully not the last ehem) RosheRun  #happykid','10202211393846522','',NULL,NULL,NULL,'2014','12','29',NULL,NULL,NULL),(5516,'#nofilter','10202200150525446','',NULL,NULL,NULL,'2014','12','27',NULL,NULL,NULL),(5517,'The struggle to get 1 good photo on a windy day','10202192366050839','','Century 25 Theater Union Landing','Castro Valley','United States','2014','12','25',NULL,NULL,NULL),(5518,'Straight from the airport:)','10202167266863375','','In-N-Out Burger','Union City','United States','2014','12','21',NULL,NULL,NULL),(5519,'💫','10202166872853525','',NULL,NULL,NULL,'2014','12','21',NULL,NULL,NULL),(5520,'#unexpected','10202163289763950','',NULL,NULL,NULL,'2014','12','22',NULL,NULL,NULL),(5521,'Comme Des Garcon❤️','10202040763180862','',NULL,NULL,NULL,'2014','11','23',NULL,NULL,NULL),(5522,'Oreo cheesecake!❤️','10201925737905302','',NULL,NULL,NULL,'2014','10','30',NULL,NULL,NULL),(5523,'New love. ❤️','10201921365635998','',NULL,NULL,NULL,'2014','10','29',NULL,NULL,NULL),(5524,'Second day!:)))❤️ @fitfoodmanila','10201912779101340','',NULL,NULL,NULL,'2014','10','27',NULL,NULL,NULL),(5525,'Just arrived!:) thank youuu @fitfoodmanila','10201907524249972','',NULL,NULL,NULL,'2014','10','26',NULL,NULL,NULL),(5526,'oreo cookie dough!!! ❤️❤️❤️ thank you @sweettreatspantry','10201897566401032','',NULL,NULL,NULL,'2014','10','24',NULL,NULL,NULL),(5527,'Can\'t decide','10201884295869277','',NULL,NULL,NULL,'2014','10','23',NULL,NULL,NULL),(5528,'❤️','10201874468943610','','Todd English Food Hall Manila','Taguig','Philippines','2014','10','19',NULL,NULL,NULL),(5529,'O.M.G.','10201874453023212','','Todd English Food Hall Manila','Taguig','Philippines','2014','10','19',NULL,NULL,NULL),(5530,'So much love✌️✌️','10201839820997433','',NULL,NULL,NULL,'2014','10','12',NULL,NULL,NULL),(5531,'Math Project Runway','10201801412477244','Justin Ethan Yu, Wei Ming Xu and Keith Chan',NULL,NULL,NULL,'2014','10','06',NULL,NULL,NULL),(5532,'Happy Birthday Yofieee! ❤️❤️ @itsmejelsy @ilovejelsy','10201790001831985','',NULL,NULL,NULL,'2014','10','04',NULL,NULL,NULL),(5533,'3❤️','10201782770691211','',NULL,NULL,NULL,'2014','10','06',NULL,NULL,NULL),(5534,'Pepero party!❤️❤️','10201757585701602','',NULL,NULL,NULL,'2014','09','28',NULL,NULL,NULL),(5535,'Happy sunday!❤️','10201725968351188','','Chateau 1771','Makati','Philippines','2014','09','21',NULL,NULL,NULL),(5536,'Pua Tiong Chiu! 9-05-14 ❤️','10201654021592564','',NULL,NULL,NULL,'2014','09','06',NULL,NULL,NULL),(5537,'I\'m in the fast lane, \nFrom LA to Tokyo❤️','10201565738465541','',NULL,NULL,NULL,'2014','08','21',NULL,NULL,NULL),(5538,'Happy sunday!❤️','10201544955545981','','Chateau 1771','Makati','Philippines','2014','08','17',NULL,NULL,NULL),(5539,'@ mamou ❤️','10201508149705858','','Mamou - Powerplant Mall, Rockwell','Makati','Philippines','2014','08','09',NULL,NULL,NULL),(5540,'Happy birthday!!!!  @ysannej','10201503375346502','',NULL,NULL,NULL,'2014','08','08',NULL,NULL,NULL),(5541,'8/02/14 ❤️❤️','10201472454533501','',NULL,NULL,NULL,'2014','08','02',NULL,NULL,NULL),(5542,'OOTN','10201440254808528','',NULL,NULL,NULL,'2014','07','26',NULL,NULL,NULL),(5543,'The smile on my face doesn\'t mean my life is perfect. It means I appreciate what I have and what God has given me.:)','10201431925440299','',NULL,NULL,NULL,'2014','07','26',NULL,NULL,NULL),(5544,'Happy birthday ama:) ❤️','10201422286719337','',NULL,NULL,NULL,'2014','07','22',NULL,NULL,NULL),(5545,'Hello again Ladurée babies❤️','10201417235993072','',NULL,NULL,NULL,'2014','07','21',NULL,NULL,NULL),(5546,'Share a coke with SY family','10201408362331236','',NULL,NULL,NULL,'2014','07','20',NULL,NULL,NULL),(5547,'Pagbigyan, first time:P','10201394463823782','',NULL,NULL,NULL,'2014','07','16',NULL,NULL,NULL),(5548,'Being artsie','10201390290439450','',NULL,NULL,NULL,'2014','07','15',NULL,NULL,NULL),(5549,'Family ❤️','10201341717345153','',NULL,NULL,NULL,'2014','07','05',NULL,NULL,NULL),(5550,'What you think of yourself is much more important than what people think of you.','10201341068928943','',NULL,NULL,NULL,'2014','07','05',NULL,NULL,NULL),(5551,'Selfie with mom and shobs','10201340852883542','Gwylyn Aivy Sy and Vilma Tan Sy',NULL,NULL,NULL,'2014','07','05',NULL,NULL,NULL),(5552,'Scout uniform!!!:D ✌️✌️','10201332702199780','',NULL,NULL,NULL,'2014','07','05',NULL,NULL,NULL),(5553,'Tokyo Disneyland Dreamlights','10201308974166594','',NULL,NULL,NULL,'2014','06','29',NULL,NULL,NULL),(5554,'I just love this pink gloves','10201285185291887','',NULL,NULL,NULL,'2014','06','24',NULL,NULL,NULL),(5555,'Red❤️ #pandora','10201275741815806','',NULL,NULL,NULL,'2014','06','22',NULL,NULL,NULL),(5556,'Today\'s ootd✌️','10201274771991561','',NULL,NULL,NULL,'2014','06','22',NULL,NULL,NULL),(5557,'Rolls-royce!! Wow','10201240745940931','',NULL,NULL,NULL,'2014','06','16',NULL,NULL,NULL),(5558,'Wow!! WE WON!!!!','10201240502374842','',NULL,NULL,NULL,'2014','06','15',NULL,NULL,NULL),(5559,'Outfit of the day✌️','10201239568151487','',NULL,NULL,NULL,'2014','06','16',NULL,NULL,NULL),(5560,'LOL new ride','10201224223247874','',NULL,NULL,NULL,'2014','06','13',NULL,NULL,NULL),(5561,'Awesome birthday cake of daddy!! ❤️','10201220377071722','',NULL,NULL,NULL,'2014','06','12',NULL,NULL,NULL),(5562,'Happy birthday superdad!! ❤️❤️','10201220304749914','Glenn Allen Sy',NULL,NULL,NULL,'2014','06','12',NULL,NULL,NULL),(5563,'\"WIWT\" © @syao10 ✌️','10201198638688276','',NULL,NULL,NULL,'2014','06','07',NULL,NULL,NULL),(5564,'Sun-kissed skin☀️','10201160023722926','',NULL,NULL,NULL,'2014','05','31',NULL,NULL,NULL),(5565,'Ootd','10201129294194707','',NULL,NULL,NULL,'2014','05','26',NULL,NULL,NULL),(5566,'Our version of fruit grill!','10201106927995566','',NULL,NULL,NULL,'2014','05','20',NULL,NULL,NULL),(5567,'Bored sa science ehh hahaha','10201075809617626','',NULL,NULL,NULL,'2014','05','14',NULL,NULL,NULL),(5568,'Changing my color! ❤️ #pandora','10201067561251422','',NULL,NULL,NULL,'2014','05','12',NULL,NULL,NULL),(5569,'Finally! Nakapunta na rin:)))','10201020221507958','','Magnum Manila Cafe','Taguig','Philippines','2014','05','03',NULL,NULL,NULL),(5570,'Family polo shirt!  #ralphlauren','10200991139020914','',NULL,NULL,NULL,'2014','04','29',NULL,NULL,NULL),(5571,'Happy happy anniversary to the bestest parents in the world!!!  i love you both so so much!!!!❤️❤️❤️','10200990593287271','Vilma Tan Sy and Glenn Allen Sy',NULL,NULL,NULL,'2014','04','28',NULL,NULL,NULL),(5572,'Newly groomed cutie','10200936958186427','',NULL,NULL,NULL,'2014','04','16',NULL,NULL,NULL),(5573,'HIS acct has been hacked. Pls add HIS new acct Alexander James Tan','10200915533290818','',NULL,NULL,NULL,'2014','04','13',NULL,NULL,NULL),(5574,'Added some more:D joke lg 18kitkats pala:) ✌️','10200907089199721','',NULL,NULL,NULL,'2014','04','11',NULL,NULL,NULL),(5575,'Kitkat craze!!!!:))))','10200901858508957','',NULL,NULL,NULL,'2014','04','11',NULL,NULL,NULL),(5576,'Duometrix LOVE<3 will miss you guyz!!!!!:)) <3','10200735346906271','',NULL,NULL,NULL,'2014','03','04',NULL,NULL,NULL),(5577,'With Kathryn Bernardo again:))','4707858714656','','Smx Mall Of Asia','Parañaque','Philippines','2013','09','01',NULL,NULL,NULL),(5578,'Me with Kathryn Bernardo:)','4055904416206','','Filmex studio B',NULL,NULL,'2013','04','11',NULL,NULL,NULL),(5579,'Toilet restaurant=)','3779945757412','',NULL,NULL,NULL,'2013','02','01',NULL,NULL,NULL),(5580,'NAil art!:)','3560279985905','',NULL,NULL,NULL,'2012','12','20',NULL,NULL,NULL),(5581,'complete? =)','3278463500669','',NULL,NULL,NULL,'2012','09','28',NULL,NULL,NULL),(5582,'Gary Sy- a-peh:-) we bought your ice cream.... OS na d2 sa greenhills.... :-) ube na lang natira:))','2920439510293','',NULL,NULL,NULL,'2012','06','22',NULL,NULL,NULL),(5583,'Cover Photo - Be the first of your friends to use our unique Covers for Facebook. Visit http://covermaker.net/','2491222020124','',NULL,NULL,NULL,'2012','03','09',NULL,NULL,NULL),(5584,'Timeline Cover Creator - http://apps.facebook.com/cover-timeline','2386385279271','',NULL,NULL,NULL,'2012','02','15',NULL,NULL,NULL),(5585,'Cover Photo - Be the first of your friends to use our unique Covers for Facebook. Visit http://covermaker.net/','2364551453439','',NULL,NULL,NULL,'2012','02','11',NULL,NULL,NULL),(5586,'ATTENTION : THE HACKERS HAVE ALREADY ENTERED FACEBOOK AND THEY ARE PUTTING SEXUAL VIDEOS FROM YOUR NAME TO THE WALLS OF YOUR FRIENDS WITHOUT YOU KNOWING IT! YOU DON\'T SEE IT, BUT OTHER PEOPLE CAN SEE IT AS IF IT WERE A PUBLICATION THAT YOU MADE! SO IF YOU RECEIVE SOMETHING ABOUT A VIDEO, IT\'S NOT MINE! Copy this onto your wall, it\'s for THE SECURITY OF YOUR OWN IMAGE.','1944936843336','',NULL,NULL,NULL,'2011','11','16',NULL,NULL,NULL),(5587,'wahahahaha XDanga','1824053861337','',NULL,NULL,NULL,'2011','10','01',NULL,NULL,NULL),(5588,'To all facebook user...\n FACEBOOK JUST RELEASED THEIR PRICE GRID FOR MEMBERSHIP. $9.99 PER MONTH FOR GOLD MEMBER SERVICES, $6.99 PER MONTH FOR SILVER MEMBER SERVICES, $3.99 PER MONTH FOR BRONZE MEMBER SERVICES, FREE IF YOU COPY AND PASTE THIS MESSAGE BEFORE MIDNIGHT TONIGHT. WHEN YOU SIGN ON TOMORROW MORNING YOU WILL BE PROMPTED FOR PAYMENT INFO...IT IS OFFICIAL IT WAS EVEN ON THE NEWS. FACEBOOK WILL START CHARGING DUE TO THE NEW PROFILE CHANGES. IF YOU COPY THIS ON YOUR WALL YOUR ICON WILL TURN BLUE AND FACEBOOK WILL BE FREE FOR YOU. PLEASE PASS THIS MESSAGE ON IF NOT YOUR ACCOUNT WILL BE DELETED IF YOU DO NOT PAY.','1812201805043','',NULL,NULL,NULL,'2011','09','26',NULL,NULL,NULL),(5589,'father mother son... haha XD','1805133068329','Axl Ty, Jericho Sanchez and Anson Que',NULL,NULL,NULL,'2011','09','23',NULL,NULL,NULL),(5590,'graduate na q!!!!!!!!woohooo!!!!!!! :D','1490144073801','',NULL,NULL,NULL,'2011','04','05',NULL,NULL,NULL),(5591,'Avatar has I Love MUSIC T-shirt, Light Blue Shorts.','1345837786234','',NULL,NULL,NULL,'2010','11','26',NULL,NULL,NULL),(5592,'2 na lang pls.\n','101497453228815','',NULL,NULL,NULL,'2010','04','26',NULL,NULL,NULL),(5593,'pls. give me puppy kibbles and dog treats tnx.XD','115381011816986','',NULL,NULL,NULL,'2010','04','22',NULL,NULL,NULL),(5594,'wag blankets pls.','119713781372458','',NULL,NULL,NULL,'2010','04','19',NULL,NULL,NULL),(5595,'pls. give me !!!!!!!!!!!!!!!!!!!!!!!!!!!!','116181668397628','',NULL,NULL,NULL,'2010','04','08',NULL,NULL,NULL),(5596,' pls. wag na harness horseshoe or nail tnx :D','106725069357561','',NULL,NULL,NULL,'2010','03','24',NULL,NULL,NULL),(5597,'pls. don\'t dive me paned wood and aged brick pls. give me i promise i will give u one','102058399832001','',NULL,NULL,NULL,'2010','03','20',NULL,NULL,NULL),(5598,'pls. don\'t give me paned wood and aged brick tnx :D','100259400014377','',NULL,NULL,NULL,'2010','03','19',NULL,NULL,NULL),(5599,'pls. don\'t give me harness and horseshoe tnx :D','105640012798374','',NULL,NULL,NULL,'2010','03','19',NULL,NULL,NULL),(5600,'pls. bigyan nyo ako wag na po yung window and brick thanks :D','405767135615','',NULL,NULL,NULL,'2010','03','18',NULL,NULL,NULL),(5601,'anya Ariel happy b-day :D','371907757055','',NULL,NULL,NULL,'2010','03','16',NULL,NULL,NULL),(5602,'pahingi ako ng gold bars and other gold sa fv','346139591892','',NULL,NULL,NULL,'2010','03','05',NULL,NULL,NULL),(5603,'puwede na mag facebook buong gabi la pasok sa umaga','333180256646','',NULL,NULL,NULL,'2010','02','28',NULL,NULL,NULL),(5604,'pls. send me stable materials','326361093037','',NULL,NULL,NULL,'2010','02','28',NULL,NULL,NULL),(5605,'pls. pahingi ng mga things sa spice reck pls. pls. pls. pls.','326069031980','',NULL,NULL,NULL,'2010','02','25',NULL,NULL,NULL),(5606,'pls. fertilized my crops!!!!!!!!!!!!!!!!!!!!!!!!!!!!!!!!!!!!!!!!!!!!!!!!','323422204256','',NULL,NULL,NULL,'2010','02','06',NULL,NULL,NULL),(5607,'finally nahanap na rin si Mrs.Cammayo','280905321260','',NULL,NULL,NULL,'2010','01','29',NULL,NULL,NULL),(5608,'hay naku di ko mahanap si mam cammayo','257150088250','',NULL,NULL,NULL,'2010','01','18',NULL,NULL,NULL),(5609,'HELP!!!!!!!!!!!!!!!!!!!!!!!!!!!!!!!!!!!!!!!!!!!!!!!!!!!!!!!!!!!!!1\n','162803963298','',NULL,NULL,NULL,'2009','10','31',NULL,NULL,NULL),(5610,'HELP!!!!!!!!!!!!!!!!!!!!!!!!!!!!!!!!!!!!!!!!!!!!!!!!!!!!!!!!!!!!!!!!!!!!!!!!!!!!!!!!!!!!!!!!!!!!!!!!!\n','163253232206','',NULL,NULL,NULL,'2009','10','29',NULL,NULL,NULL),(5611,'HELP me PLS.\n','155625763402','',NULL,NULL,NULL,'2009','10','16',NULL,NULL,NULL),(5612,'pls. bigyan nyo ako kahit isa diyan pls. pls. pls. pls. pls. pls. pls. pls. pls.\n','145050694874','',NULL,NULL,NULL,'2009','10','03',NULL,NULL,NULL),(5613,'Pls. pls. pls. I need it pls. pls. pls. pls. pls. pls. pls. pls. pls. pls. pls. pls. pls. pls. pls. pls. pls.','293843380577','',NULL,NULL,NULL,'2009','10','03',NULL,NULL,NULL),(5614,'Help me pls,. I am begging!!!!!!!!!!!!!!!!!!!!!!!!!!!!!!!!!!!!!!!!!!!!!!!!!!!!!!\n','139875321731','',NULL,NULL,NULL,'2009','09','29',NULL,NULL,NULL),(5615,'kung mabait kayo mag tratrade tayo kahit ano na nasa taas\n','117376951738','',NULL,NULL,NULL,'2009','08','04',NULL,NULL,NULL),(5616,'Milk pls.!!!!!!!!!!!!!!!!!!!!!!!!!!!\n','119780794016','',NULL,NULL,NULL,'2009','07','18',NULL,NULL,NULL),(5617,'Milk pls.!!!!!!!!!!!!!!!!!!!!!','101198768519','',NULL,NULL,NULL,'2009','07','18',NULL,NULL,NULL),(5618,'I need this!!!!!!!!!!!!!!!!!!!!!!!!!!!!!!!!!!!\n','103989429729','',NULL,NULL,NULL,'2009','07','18',NULL,NULL,NULL),(5619,'Tulong naman diyan!!!!!!!!!!!!!!!!!!!','131081627523','',NULL,NULL,NULL,'2009','07','18',NULL,NULL,NULL),(5620,'People!!!!!!!!!!! HELP!!!!!!!!!!!!!!!!!!!!!!!!! I need this items.','123790726254','',NULL,NULL,NULL,'2009','07','18',NULL,NULL,NULL),(5621,'Help !!!!!! i need this items.','122123712845','',NULL,NULL,NULL,'2009','07','17',NULL,NULL,NULL),(5622,'I need salad.','102992354463','',NULL,NULL,NULL,'2009','07','17',NULL,NULL,NULL),(5623,'I need butter.','104398559445','',NULL,NULL,NULL,'2009','07','17',NULL,NULL,NULL),(5624,'I need carrots and apple.','101927239354','',NULL,NULL,NULL,'2009','07','17',NULL,NULL,NULL),(5625,'I need bread.','103576103313','',NULL,NULL,NULL,'2009','07','17',NULL,NULL,NULL),(5626,'I NEED MILK MUSHROOM AND GARLIC. HELP!!!!!!!!!!!!!!!!!!!!!!!\n','123039431856','',NULL,NULL,NULL,'2009','07','17',NULL,NULL,NULL),(5627,'I NEED MILK MUSHROOM AND GARLIC.','115476827760','',NULL,NULL,NULL,'2009','07','17',NULL,NULL,NULL),(5628,'Palace of Fine Arts 🏰','10206280850420393','','Palace of Fine Arts','San Francisco','United States','2016','12','24',NULL,NULL,NULL),(5629,'💫','10206274909471873','','Ghirardelli Square','San Francisco','United States','2016','12','23',NULL,NULL,NULL),(5630,'Make it count 💫','10206103450705511','',NULL,NULL,NULL,'2016','12','04',NULL,NULL,NULL),(5631,'❤️','10205970967433512','Jervy Santiago',NULL,NULL,NULL,'2016','11','13',NULL,NULL,NULL),(5632,'Happy happy 18th birthday @syao10 💕💕 Love love love you!! Gotchu always 😉','10205524213824951','',NULL,NULL,NULL,'2016','09','10',NULL,NULL,NULL),(5633,'HAPPY HAPPY BIRTHDAY DIEGWAPO!! 😂❤️','10205324886001880','Diego Pantaleon',NULL,NULL,NULL,'2016','08','15',NULL,NULL,NULL),(5634,'Done with NSTP 🎉','10205174249116052','','Tanza National High School, Tanza, Navotas City','Navotas','Philippines','2016','07','23',NULL,NULL,NULL),(5635,'Robi Domingo and Robi Diego 😂','10205033874046763','',NULL,NULL,NULL,'2016','06','30',NULL,NULL,NULL),(5636,'6/24/16 ✨','10205000380409443','Eduardo Gargarita','Enchanted Kingdom','Santa Rosa','Philippines','2016','06','24',NULL,NULL,NULL),(5637,'Teacher by day, World\'s best mom by night. ❤️','10204739520368105','Vilma Tan Sy',NULL,NULL,NULL,'2016','05','08',NULL,NULL,NULL),(5638,'Quick escape ☀️','10204723225720749','',NULL,NULL,NULL,'2016','05','05',NULL,NULL,NULL),(5639,'Happy 19th Anniversary mom and dad! ❤️','10204679821475670','Vilma Tan Sy and Glenn Allen Sy',NULL,NULL,NULL,'2016','04','28',NULL,NULL,NULL),(5640,'Match ❤️','10204546098572681','',NULL,NULL,NULL,'2016','04','03',NULL,NULL,NULL),(5641,'Still enjoyed disneyland while raining. \n\n✅ off my bucket list.','10204448152524091','','香港迪士尼樂園 Disneyland Hk','Hong Kong','Hong Kong','2016','03','24',NULL,NULL,NULL),(5642,'Dessert Kitchen ❤️💯','10204307790615131','','The Dessert Kitchen 甜品工房','Makati','Philippines','2016','03','06',NULL,NULL,NULL),(5643,'HAPPY BIRTHDAY DONA!! ❤️👯','10204236244786530','Donalie Yap',NULL,NULL,NULL,'2016','02','22',NULL,NULL,NULL),(5644,'With one minute to spare 😁🎉','10204159581670000','','Mystery Manila','Makati','Philippines','2016','02','07',NULL,NULL,NULL),(5645,'ROYGBIV 🌈❤️','10204133527538663','',NULL,NULL,NULL,'2016','02','01',NULL,NULL,NULL),(5646,'Judo class is more fun with the pips ❤️','10204050502303084','','Enrique Razon Bldg., De La Salle University - Manila','Manila','Philippines','2016','01','14',NULL,NULL,NULL),(5647,'Happy New Year from my family to yours! ❤️🎉','10203991986680230','','Fremont, CA, United States','Fremont','United States','2016','01','01',NULL,NULL,NULL),(5648,'Year ender. ✅ off my bucket list ⛷🎿','10203986611425852','','Lake Tahoe - Nevada','South Lake Tahoe, CA',NULL,'2016','01','01',NULL,NULL,NULL),(5649,'☃','10203982117073496','','Lake Tahoe','Reno, NV',NULL,'2015','12','30',NULL,NULL,NULL),(5650,'#SYtravels ❤️','10203958899133062','','Hollywood Sign','Los Angeles','United States','2015','12','26',NULL,NULL,NULL),(5651,'Sea World 🐋','10203949569299822','','Sea World Parks San Diego','San Diego','United States','2015','12','25',NULL,NULL,NULL),(5652,'Vegas2015 🎉 #SYtravels','10203936275487485','',NULL,NULL,NULL,'2015','12','22',NULL,NULL,NULL),(5653,'Yearly straight from the airport habit ❤️','10203929252991927','',NULL,NULL,NULL,'2015','12','20',NULL,NULL,NULL),(5654,'Breathe in the future, breathe out the past. 🗽','10203881388595347','',NULL,NULL,NULL,'2015','12','08',NULL,NULL,NULL),(5655,'Healthy sunday at Green Pastures 😋❤️','10203819279802666','','Green Pastures','Mandaluyong','Philippines','2015','11','22',NULL,NULL,NULL),(5656,'Happy Sunday ❤️','10203764992925528','',NULL,NULL,NULL,'2015','11','08',NULL,NULL,NULL),(5657,'SO CLOSE! 😂','10203759179020184','',NULL,NULL,NULL,'2015','11','06',NULL,NULL,NULL),(5658,'It is up to you to see the beauty in everyday things. ✌🏻️','10203718280357743','',NULL,NULL,NULL,'2015','10','25',NULL,NULL,NULL),(5659,'Chill 🍦','10203689503718345','',NULL,NULL,NULL,'2015','10','18',NULL,NULL,NULL),(5660,'CONGRATS TO US BLOCK ED!!!!! SO PROUD OF YOU GUYZ!!!!! #EDwow 💚💚💚','10203678743409344','','De La Salle University','Manila','Philippines','2015','10','15',NULL,NULL,NULL),(5661,'There is no sincerer love than the love of food. 😋💞','10203640450292040','',NULL,NULL,NULL,'2015','10','04',NULL,NULL,NULL),(5662,'#EDwow BTS 😁💞','10203577383075399','',NULL,NULL,NULL,'2015','09','20',NULL,NULL,NULL),(5663,'Pua tiong chu 2015 😁💞🎲🎲','10203520477092785','',NULL,NULL,NULL,'2015','09','05',NULL,NULL,NULL),(5664,'Ladureé x manila 💞','10203494059112352','',NULL,NULL,NULL,'2015','08','31',NULL,NULL,NULL),(5665,'Dean & Deluca 💞','10203493062087427','',NULL,NULL,NULL,'2015','08','31',NULL,NULL,NULL),(5666,'2000 pieces, conquered. 💪🏻','10203484437791825','',NULL,NULL,NULL,'2015','08','29',NULL,NULL,NULL),(5667,'❤️','10203421337494357','',NULL,NULL,NULL,'2015','08','16',NULL,NULL,NULL),(5668,'Sunday Tea Time ☕️','10203353659922460','',NULL,NULL,NULL,'2015','08','02',NULL,NULL,NULL),(5669,'mini monopoly thursdate😁💞 #sgslife','10203339057677413','',NULL,NULL,NULL,'2015','07','30',NULL,NULL,NULL),(5670,'Happy birthday mommy! 😁💞','10203283958619971','Vilma Tan Sy',NULL,NULL,NULL,'2015','07','20',NULL,NULL,NULL),(5671,'It\'s always the small pieces that make the big picture. 🗽\n\nCompleted: 6/26/15','10203268558474977','',NULL,NULL,NULL,'2015','07','15',NULL,NULL,NULL),(5672,'If life was easy where would all the adventures be?🎀 #sgslife 👯','10203226361940090','Sandra Co and Sandra Rachelle Yao',NULL,NULL,NULL,'2015','07','06',NULL,NULL,NULL),(5673,'@takaw_co This is how i can describe you.....\nS- savior\n ( always saving me / our class from \"harm\")\nA- awesome \n(the most awesome class leader everrr)\nN- nonstop \n( nonstop kwentuhan pag kasama ka)\nD- determined\n (determined to be successful in every way)\nR- rare \n(kht marami kang kapangalan ikaw pa rin ang nag-iisang Sandra Co sa amin)\nA- accesible\n ( always there when we need her)\n\nTo my partner in crime in school, HAPPY HAPPY BIRTHDAY! Love love love you 💞','10203203655492443','Sandra Co',NULL,NULL,NULL,'2015','07','01',NULL,NULL,NULL),(5674,'Minion army 😜','10203185114428928','',NULL,NULL,NULL,'2015','07','01',NULL,NULL,NULL),(5675,'Thank you so much @marshmallow_st for my macbook casing and decals! 😍','10203116153024936','',NULL,NULL,NULL,'2015','06','13',NULL,NULL,NULL),(5676,'Happy birthday daddy! I love you💞','10203107772415426','Glenn Allen Sy',NULL,NULL,NULL,'2015','06','12',NULL,NULL,NULL),(5677,'\"Light tomorrow with today.\" 😁','10203092002221181','',NULL,NULL,NULL,'2015','06','07',NULL,NULL,NULL),(5678,'With @kylienicolepadilla 😁💕','10203000802141236','',NULL,NULL,NULL,'2015','05','23',NULL,NULL,NULL),(5679,'Let your smile change the world. don\'t let the world change your smile. 😁💞','10202933582180779','','San Agustin Church, Manila','Manila','Philippines','2015','05','10',NULL,NULL,NULL),(5680,'Happy mother\'s day mommy! Love you 😘💞','10202932747679917','',NULL,NULL,NULL,'2015','05','10',NULL,NULL,NULL),(5681,'Hello Kitty 中菜軒 😍💕','10202920953825078','Vilma Tan Sy',NULL,NULL,NULL,'2015','05','08',NULL,NULL,NULL),(5682,'The Orginal Michelin Star Tim Ho Wan 😋💕','10202919527269415','','Tim Ho Wan - Sham Shui Po','Hong Kong','Hong Kong','2015','05','07',NULL,NULL,NULL),(5683,'@thekhalilramos 😁','10202856810501535','',NULL,NULL,NULL,'2015','04','25',NULL,NULL,NULL),(5684,'Good times and crazy friends make the best memories. 💞💫','10202816458892770','',NULL,NULL,NULL,'2015','04','19',NULL,NULL,NULL),(5685,'My journey starts here.💚','10202764790881102','',NULL,NULL,NULL,'2015','04','12',NULL,NULL,NULL),(5686,'Pawfection.','10202751745674980','',NULL,NULL,NULL,'2015','04','08',NULL,NULL,NULL),(5687,'Saw Alex Gonzaga at Rockwell Cinema :)','10202727669033079','',NULL,NULL,NULL,'2015','04','05',NULL,NULL,NULL),(5688,'Paradise. ☀️','10202713654322720','','Hidden Valley Spring Resort Alaminos, Laguna','Alaminos','Philippines','2015','04','05',NULL,NULL,NULL),(5689,'Finishing my night with a candle lit dinner under the stars.','10202706721669408','','Hidden Valley Springs Resort','Alaminos','Philippines','2015','04','02',NULL,NULL,NULL),(5690,'My one \"decent\" photo that night.  \nThank you @reapinpin for my makeup \n#loveguess','10202701768425580','',NULL,NULL,NULL,'2015','04','01',NULL,NULL,NULL),(5691,'Gatsby nails.✌️','10202675330244642','',NULL,NULL,NULL,'2015','03','27',NULL,NULL,NULL),(5692,'Keep calm and ride on.','10202617360795442','',NULL,NULL,NULL,'2015','03','17',NULL,NULL,NULL),(5693,'Caption: takot umitim. summer vibe☀️','10202602652867753','',NULL,NULL,NULL,'2015','03','15',NULL,NULL,NULL),(5694,'Welcome home lunch :)))) Straight from san fransisco! ✈️\nTop left photo angkong teaching@ysannej how to use a stethoscope. Guinea pig @garvinsy \nTop right photo yofie @jel.sy.unas and great grandfather sharing twinpops','10202565321614495','','La Fiesta A Taste of Filipino Food','Pasay City','Philippines','2015','03','08',NULL,NULL,NULL),(5695,'Original x dulce de leche x nutella #lalolaph','10202532331789770','',NULL,NULL,NULL,'2015','03','01',NULL,NULL,NULL),(5696,'Instagram worthy:)','10202531994981350','','Chili\'s Rockwell','Makati','Philippines','2015','03','01',NULL,NULL,NULL),(5697,'Welcome to the Sy Family!!!','10202373461618115','',NULL,NULL,NULL,'2015','01','26',NULL,NULL,NULL),(5698,'In-n-out is ready to come home with us!:)','10202248290888925','Felisa Sy and Gary Sy',NULL,NULL,NULL,'2015','01','03',NULL,NULL,NULL),(5699,'Color of the day','10202248186766322','',NULL,NULL,NULL,'2015','01','03',NULL,NULL,NULL),(5700,'Last breakfast @ ihop','10202244329509893','','IHOP Restaurant','Union City','United States','2015','01','03',NULL,NULL,NULL),(5701,'To die for!','10202236682718728','','BJ\'s Restaurant and Brewhouse','Newark','United States','2015','01','01',NULL,NULL,NULL),(5702,'Celebrating the New Year and the birthday of Uncle Gerry :)','10202230944775283','Gwylyn Aivy Sy, Vilma Tan Sy, Glenn Allen Sy, Gladwin Sy, Gladiel Sy, Cecille Sy, Jen Tan Sy, Gerard Sy, Gaviel Sy, Andrew Sy and Gladys Anne Sy','San Fransisco Bay Area',NULL,NULL,'2015','01','01',NULL,NULL,NULL),(5703,'Paunahan ba maglagay ng star sa christmas tree? Team A or Team B? Hahaha 😂🎄','10202219049757915','Gwylyn Aivy Sy, Vilma Tan Sy, Glenn Allen Sy, Gladwin Sy, Cecille Sy, Jen Tan Sy, Gerard Sy, Gaviel Sy, Andrew Sy and Gladys Anne Sy',NULL,NULL,NULL,'2014','12','30',NULL,NULL,NULL),(5704,'It\'s a bad habit to eat at The Habit.','10202218081013697','Cecille Sy','The Habit Burger Grill','Fremont','United States','2015','01','01',NULL,NULL,NULL),(5705,'My first (hopefully not the last ehem) RosheRun  #happykid','10202211393846522','',NULL,NULL,NULL,'2014','12','29',NULL,NULL,NULL),(5706,'#nofilter','10202200150525446','',NULL,NULL,NULL,'2014','12','27',NULL,NULL,NULL),(5707,'The struggle to get 1 good photo on a windy day','10202192366050839','','Century 25 Theater Union Landing','Castro Valley','United States','2014','12','25',NULL,NULL,NULL),(5708,'Straight from the airport:)','10202167266863375','','In-N-Out Burger','Union City','United States','2014','12','21',NULL,NULL,NULL),(5709,'💫','10202166872853525','',NULL,NULL,NULL,'2014','12','21',NULL,NULL,NULL),(5710,'#unexpected','10202163289763950','',NULL,NULL,NULL,'2014','12','22',NULL,NULL,NULL),(5711,'Comme Des Garcon❤️','10202040763180862','',NULL,NULL,NULL,'2014','11','23',NULL,NULL,NULL),(5712,'Oreo cheesecake!❤️','10201925737905302','',NULL,NULL,NULL,'2014','10','30',NULL,NULL,NULL),(5713,'New love. ❤️','10201921365635998','',NULL,NULL,NULL,'2014','10','29',NULL,NULL,NULL),(5714,'Second day!:)))❤️ @fitfoodmanila','10201912779101340','',NULL,NULL,NULL,'2014','10','27',NULL,NULL,NULL),(5715,'Just arrived!:) thank youuu @fitfoodmanila','10201907524249972','',NULL,NULL,NULL,'2014','10','26',NULL,NULL,NULL),(5716,'oreo cookie dough!!! ❤️❤️❤️ thank you @sweettreatspantry','10201897566401032','',NULL,NULL,NULL,'2014','10','24',NULL,NULL,NULL),(5717,'Can\'t decide','10201884295869277','',NULL,NULL,NULL,'2014','10','23',NULL,NULL,NULL),(5718,'❤️','10201874468943610','','Todd English Food Hall Manila','Taguig','Philippines','2014','10','19',NULL,NULL,NULL),(5719,'O.M.G.','10201874453023212','','Todd English Food Hall Manila','Taguig','Philippines','2014','10','19',NULL,NULL,NULL),(5720,'So much love✌️✌️','10201839820997433','',NULL,NULL,NULL,'2014','10','12',NULL,NULL,NULL),(5721,'Math Project Runway','10201801412477244','Justin Ethan Yu, Wei Ming Xu and Keith Chan',NULL,NULL,NULL,'2014','10','06',NULL,NULL,NULL),(5722,'Happy Birthday Yofieee! ❤️❤️ @itsmejelsy @ilovejelsy','10201790001831985','',NULL,NULL,NULL,'2014','10','04',NULL,NULL,NULL),(5723,'3❤️','10201782770691211','',NULL,NULL,NULL,'2014','10','06',NULL,NULL,NULL),(5724,'Pepero party!❤️❤️','10201757585701602','',NULL,NULL,NULL,'2014','09','28',NULL,NULL,NULL),(5725,'Happy sunday!❤️','10201725968351188','','Chateau 1771','Makati','Philippines','2014','09','21',NULL,NULL,NULL),(5726,'Pua Tiong Chiu! 9-05-14 ❤️','10201654021592564','',NULL,NULL,NULL,'2014','09','06',NULL,NULL,NULL),(5727,'I\'m in the fast lane, \nFrom LA to Tokyo❤️','10201565738465541','',NULL,NULL,NULL,'2014','08','21',NULL,NULL,NULL),(5728,'Happy sunday!❤️','10201544955545981','','Chateau 1771','Makati','Philippines','2014','08','17',NULL,NULL,NULL),(5729,'@ mamou ❤️','10201508149705858','','Mamou - Powerplant Mall, Rockwell','Makati','Philippines','2014','08','09',NULL,NULL,NULL),(5730,'Happy birthday!!!!  @ysannej','10201503375346502','',NULL,NULL,NULL,'2014','08','08',NULL,NULL,NULL),(5731,'8/02/14 ❤️❤️','10201472454533501','',NULL,NULL,NULL,'2014','08','02',NULL,NULL,NULL),(5732,'OOTN','10201440254808528','',NULL,NULL,NULL,'2014','07','26',NULL,NULL,NULL),(5733,'The smile on my face doesn\'t mean my life is perfect. It means I appreciate what I have and what God has given me.:)','10201431925440299','',NULL,NULL,NULL,'2014','07','26',NULL,NULL,NULL),(5734,'Happy birthday ama:) ❤️','10201422286719337','',NULL,NULL,NULL,'2014','07','22',NULL,NULL,NULL),(5735,'Hello again Ladurée babies❤️','10201417235993072','',NULL,NULL,NULL,'2014','07','21',NULL,NULL,NULL),(5736,'Share a coke with SY family','10201408362331236','',NULL,NULL,NULL,'2014','07','20',NULL,NULL,NULL),(5737,'Pagbigyan, first time:P','10201394463823782','',NULL,NULL,NULL,'2014','07','16',NULL,NULL,NULL),(5738,'Being artsie','10201390290439450','',NULL,NULL,NULL,'2014','07','15',NULL,NULL,NULL),(5739,'Family ❤️','10201341717345153','',NULL,NULL,NULL,'2014','07','05',NULL,NULL,NULL),(5740,'What you think of yourself is much more important than what people think of you.','10201341068928943','',NULL,NULL,NULL,'2014','07','05',NULL,NULL,NULL),(5741,'Selfie with mom and shobs','10201340852883542','Gwylyn Aivy Sy and Vilma Tan Sy',NULL,NULL,NULL,'2014','07','05',NULL,NULL,NULL),(5742,'Scout uniform!!!:D ✌️✌️','10201332702199780','',NULL,NULL,NULL,'2014','07','05',NULL,NULL,NULL),(5743,'Tokyo Disneyland Dreamlights','10201308974166594','',NULL,NULL,NULL,'2014','06','29',NULL,NULL,NULL),(5744,'I just love this pink gloves','10201285185291887','',NULL,NULL,NULL,'2014','06','24',NULL,NULL,NULL),(5745,'Red❤️ #pandora','10201275741815806','',NULL,NULL,NULL,'2014','06','22',NULL,NULL,NULL),(5746,'Today\'s ootd✌️','10201274771991561','',NULL,NULL,NULL,'2014','06','22',NULL,NULL,NULL),(5747,'Rolls-royce!! Wow','10201240745940931','',NULL,NULL,NULL,'2014','06','16',NULL,NULL,NULL),(5748,'Wow!! WE WON!!!!','10201240502374842','',NULL,NULL,NULL,'2014','06','15',NULL,NULL,NULL),(5749,'Outfit of the day✌️','10201239568151487','',NULL,NULL,NULL,'2014','06','16',NULL,NULL,NULL),(5750,'LOL new ride','10201224223247874','',NULL,NULL,NULL,'2014','06','13',NULL,NULL,NULL),(5751,'Awesome birthday cake of daddy!! ❤️','10201220377071722','',NULL,NULL,NULL,'2014','06','12',NULL,NULL,NULL),(5752,'Happy birthday superdad!! ❤️❤️','10201220304749914','Glenn Allen Sy',NULL,NULL,NULL,'2014','06','12',NULL,NULL,NULL),(5753,'\"WIWT\" © @syao10 ✌️','10201198638688276','',NULL,NULL,NULL,'2014','06','07',NULL,NULL,NULL),(5754,'Sun-kissed skin☀️','10201160023722926','',NULL,NULL,NULL,'2014','05','31',NULL,NULL,NULL),(5755,'Ootd','10201129294194707','',NULL,NULL,NULL,'2014','05','26',NULL,NULL,NULL),(5756,'Our version of fruit grill!','10201106927995566','',NULL,NULL,NULL,'2014','05','20',NULL,NULL,NULL),(5757,'Bored sa science ehh hahaha','10201075809617626','',NULL,NULL,NULL,'2014','05','14',NULL,NULL,NULL),(5758,'Changing my color! ❤️ #pandora','10201067561251422','',NULL,NULL,NULL,'2014','05','12',NULL,NULL,NULL),(5759,'Finally! Nakapunta na rin:)))','10201020221507958','','Magnum Manila Cafe','Taguig','Philippines','2014','05','03',NULL,NULL,NULL),(5760,'Family polo shirt!  #ralphlauren','10200991139020914','',NULL,NULL,NULL,'2014','04','29',NULL,NULL,NULL),(5761,'Happy happy anniversary to the bestest parents in the world!!!  i love you both so so much!!!!❤️❤️❤️','10200990593287271','Vilma Tan Sy and Glenn Allen Sy',NULL,NULL,NULL,'2014','04','28',NULL,NULL,NULL),(5762,'Newly groomed cutie','10200936958186427','',NULL,NULL,NULL,'2014','04','16',NULL,NULL,NULL),(5763,'HIS acct has been hacked. Pls add HIS new acct Alexander James Tan','10200915533290818','',NULL,NULL,NULL,'2014','04','13',NULL,NULL,NULL),(5764,'Added some more:D joke lg 18kitkats pala:) ✌️','10200907089199721','',NULL,NULL,NULL,'2014','04','11',NULL,NULL,NULL),(5765,'Kitkat craze!!!!:))))','10200901858508957','',NULL,NULL,NULL,'2014','04','11',NULL,NULL,NULL),(5766,'Duometrix LOVE<3 will miss you guyz!!!!!:)) <3','10200735346906271','',NULL,NULL,NULL,'2014','03','04',NULL,NULL,NULL),(5767,'With Kathryn Bernardo again:))','4707858714656','','Smx Mall Of Asia','Parañaque','Philippines','2013','09','01',NULL,NULL,NULL),(5768,'Me with Kathryn Bernardo:)','4055904416206','','Filmex studio B',NULL,NULL,'2013','04','11',NULL,NULL,NULL),(5769,'Toilet restaurant=)','3779945757412','',NULL,NULL,NULL,'2013','02','01',NULL,NULL,NULL),(5770,'NAil art!:)','3560279985905','',NULL,NULL,NULL,'2012','12','20',NULL,NULL,NULL),(5771,'complete? =)','3278463500669','',NULL,NULL,NULL,'2012','09','28',NULL,NULL,NULL),(5772,'Gary Sy- a-peh:-) we bought your ice cream.... OS na d2 sa greenhills.... :-) ube na lang natira:))','2920439510293','',NULL,NULL,NULL,'2012','06','22',NULL,NULL,NULL),(5773,'Cover Photo - Be the first of your friends to use our unique Covers for Facebook. Visit http://covermaker.net/','2491222020124','',NULL,NULL,NULL,'2012','03','09',NULL,NULL,NULL),(5774,'Timeline Cover Creator - http://apps.facebook.com/cover-timeline','2386385279271','',NULL,NULL,NULL,'2012','02','15',NULL,NULL,NULL),(5775,'Cover Photo - Be the first of your friends to use our unique Covers for Facebook. Visit http://covermaker.net/','2364551453439','',NULL,NULL,NULL,'2012','02','11',NULL,NULL,NULL),(5776,'ATTENTION : THE HACKERS HAVE ALREADY ENTERED FACEBOOK AND THEY ARE PUTTING SEXUAL VIDEOS FROM YOUR NAME TO THE WALLS OF YOUR FRIENDS WITHOUT YOU KNOWING IT! YOU DON\'T SEE IT, BUT OTHER PEOPLE CAN SEE IT AS IF IT WERE A PUBLICATION THAT YOU MADE! SO IF YOU RECEIVE SOMETHING ABOUT A VIDEO, IT\'S NOT MINE! Copy this onto your wall, it\'s for THE SECURITY OF YOUR OWN IMAGE.','1944936843336','',NULL,NULL,NULL,'2011','11','16',NULL,NULL,NULL),(5777,'wahahahaha XDanga','1824053861337','',NULL,NULL,NULL,'2011','10','01',NULL,NULL,NULL),(5778,'To all facebook user...\n FACEBOOK JUST RELEASED THEIR PRICE GRID FOR MEMBERSHIP. $9.99 PER MONTH FOR GOLD MEMBER SERVICES, $6.99 PER MONTH FOR SILVER MEMBER SERVICES, $3.99 PER MONTH FOR BRONZE MEMBER SERVICES, FREE IF YOU COPY AND PASTE THIS MESSAGE BEFORE MIDNIGHT TONIGHT. WHEN YOU SIGN ON TOMORROW MORNING YOU WILL BE PROMPTED FOR PAYMENT INFO...IT IS OFFICIAL IT WAS EVEN ON THE NEWS. FACEBOOK WILL START CHARGING DUE TO THE NEW PROFILE CHANGES. IF YOU COPY THIS ON YOUR WALL YOUR ICON WILL TURN BLUE AND FACEBOOK WILL BE FREE FOR YOU. PLEASE PASS THIS MESSAGE ON IF NOT YOUR ACCOUNT WILL BE DELETED IF YOU DO NOT PAY.','1812201805043','',NULL,NULL,NULL,'2011','09','26',NULL,NULL,NULL),(5779,'father mother son... haha XD','1805133068329','Axl Ty, Jericho Sanchez and Anson Que',NULL,NULL,NULL,'2011','09','23',NULL,NULL,NULL),(5780,'graduate na q!!!!!!!!woohooo!!!!!!! :D','1490144073801','',NULL,NULL,NULL,'2011','04','05',NULL,NULL,NULL),(5781,'Avatar has I Love MUSIC T-shirt, Light Blue Shorts.','1345837786234','',NULL,NULL,NULL,'2010','11','26',NULL,NULL,NULL),(5782,'2 na lang pls.\n','101497453228815','',NULL,NULL,NULL,'2010','04','26',NULL,NULL,NULL),(5783,'pls. give me puppy kibbles and dog treats tnx.XD','115381011816986','',NULL,NULL,NULL,'2010','04','22',NULL,NULL,NULL),(5784,'wag blankets pls.','119713781372458','',NULL,NULL,NULL,'2010','04','19',NULL,NULL,NULL),(5785,'pls. give me !!!!!!!!!!!!!!!!!!!!!!!!!!!!','116181668397628','',NULL,NULL,NULL,'2010','04','08',NULL,NULL,NULL),(5786,' pls. wag na harness horseshoe or nail tnx :D','106725069357561','',NULL,NULL,NULL,'2010','03','24',NULL,NULL,NULL),(5787,'pls. don\'t dive me paned wood and aged brick pls. give me i promise i will give u one','102058399832001','',NULL,NULL,NULL,'2010','03','20',NULL,NULL,NULL),(5788,'pls. don\'t give me paned wood and aged brick tnx :D','100259400014377','',NULL,NULL,NULL,'2010','03','19',NULL,NULL,NULL),(5789,'pls. don\'t give me harness and horseshoe tnx :D','105640012798374','',NULL,NULL,NULL,'2010','03','19',NULL,NULL,NULL),(5790,'pls. bigyan nyo ako wag na po yung window and brick thanks :D','405767135615','',NULL,NULL,NULL,'2010','03','18',NULL,NULL,NULL),(5791,'anya Ariel happy b-day :D','371907757055','',NULL,NULL,NULL,'2010','03','16',NULL,NULL,NULL),(5792,'pahingi ako ng gold bars and other gold sa fv','346139591892','',NULL,NULL,NULL,'2010','03','05',NULL,NULL,NULL),(5793,'puwede na mag facebook buong gabi la pasok sa umaga','333180256646','',NULL,NULL,NULL,'2010','02','28',NULL,NULL,NULL),(5794,'pls. send me stable materials','326361093037','',NULL,NULL,NULL,'2010','02','28',NULL,NULL,NULL),(5795,'pls. pahingi ng mga things sa spice reck pls. pls. pls. pls.','326069031980','',NULL,NULL,NULL,'2010','02','25',NULL,NULL,NULL),(5796,'pls. fertilized my crops!!!!!!!!!!!!!!!!!!!!!!!!!!!!!!!!!!!!!!!!!!!!!!!!','323422204256','',NULL,NULL,NULL,'2010','02','06',NULL,NULL,NULL),(5797,'finally nahanap na rin si Mrs.Cammayo','280905321260','',NULL,NULL,NULL,'2010','01','29',NULL,NULL,NULL),(5798,'hay naku di ko mahanap si mam cammayo','257150088250','',NULL,NULL,NULL,'2010','01','18',NULL,NULL,NULL),(5799,'HELP!!!!!!!!!!!!!!!!!!!!!!!!!!!!!!!!!!!!!!!!!!!!!!!!!!!!!!!!!!!!!1\n','162803963298','',NULL,NULL,NULL,'2009','10','31',NULL,NULL,NULL),(5800,'HELP!!!!!!!!!!!!!!!!!!!!!!!!!!!!!!!!!!!!!!!!!!!!!!!!!!!!!!!!!!!!!!!!!!!!!!!!!!!!!!!!!!!!!!!!!!!!!!!!!\n','163253232206','',NULL,NULL,NULL,'2009','10','29',NULL,NULL,NULL),(5801,'HELP me PLS.\n','155625763402','',NULL,NULL,NULL,'2009','10','16',NULL,NULL,NULL),(5802,'pls. bigyan nyo ako kahit isa diyan pls. pls. pls. pls. pls. pls. pls. pls. pls.\n','145050694874','',NULL,NULL,NULL,'2009','10','03',NULL,NULL,NULL),(5803,'Pls. pls. pls. I need it pls. pls. pls. pls. pls. pls. pls. pls. pls. pls. pls. pls. pls. pls. pls. pls. pls.','293843380577','',NULL,NULL,NULL,'2009','10','03',NULL,NULL,NULL),(5804,'Help me pls,. I am begging!!!!!!!!!!!!!!!!!!!!!!!!!!!!!!!!!!!!!!!!!!!!!!!!!!!!!!\n','139875321731','',NULL,NULL,NULL,'2009','09','29',NULL,NULL,NULL),(5805,'kung mabait kayo mag tratrade tayo kahit ano na nasa taas\n','117376951738','',NULL,NULL,NULL,'2009','08','04',NULL,NULL,NULL),(5806,'Milk pls.!!!!!!!!!!!!!!!!!!!!!!!!!!!\n','119780794016','',NULL,NULL,NULL,'2009','07','18',NULL,NULL,NULL),(5807,'Milk pls.!!!!!!!!!!!!!!!!!!!!!','101198768519','',NULL,NULL,NULL,'2009','07','18',NULL,NULL,NULL),(5808,'I need this!!!!!!!!!!!!!!!!!!!!!!!!!!!!!!!!!!!\n','103989429729','',NULL,NULL,NULL,'2009','07','18',NULL,NULL,NULL),(5809,'Tulong naman diyan!!!!!!!!!!!!!!!!!!!','131081627523','',NULL,NULL,NULL,'2009','07','18',NULL,NULL,NULL),(5810,'People!!!!!!!!!!! HELP!!!!!!!!!!!!!!!!!!!!!!!!! I need this items.','123790726254','',NULL,NULL,NULL,'2009','07','18',NULL,NULL,NULL),(5811,'Help !!!!!! i need this items.','122123712845','',NULL,NULL,NULL,'2009','07','17',NULL,NULL,NULL),(5812,'I need salad.','102992354463','',NULL,NULL,NULL,'2009','07','17',NULL,NULL,NULL),(5813,'I need butter.','104398559445','',NULL,NULL,NULL,'2009','07','17',NULL,NULL,NULL),(5814,'I need carrots and apple.','101927239354','',NULL,NULL,NULL,'2009','07','17',NULL,NULL,NULL),(5815,'I need bread.','103576103313','',NULL,NULL,NULL,'2009','07','17',NULL,NULL,NULL),(5816,'I NEED MILK MUSHROOM AND GARLIC. HELP!!!!!!!!!!!!!!!!!!!!!!!\n','123039431856','',NULL,NULL,NULL,'2009','07','17',NULL,NULL,NULL),(5817,'I NEED MILK MUSHROOM AND GARLIC.','115476827760','',NULL,NULL,NULL,'2009','07','17',NULL,NULL,NULL);
/*!40000 ALTER TABLE `to_be_processed` ENABLE KEYS */;
UNLOCK TABLES;

--
-- Table structure for table `token`
--

DROP TABLE IF EXISTS `token`;
/*!40101 SET @saved_cs_client     = @@character_set_client */;
/*!40101 SET character_set_client = utf8 */;
CREATE TABLE `token` (
  `id` int(11) NOT NULL AUTO_INCREMENT,
  `name` varchar(200) NOT NULL,
  `part_of_speech_id` int(11) NOT NULL,
  `to_be_processed_id` int(11) NOT NULL,
  PRIMARY KEY (`id`)
) ENGINE=InnoDB AUTO_INCREMENT=716 DEFAULT CHARSET=utf8;
/*!40101 SET character_set_client = @saved_cs_client */;

--
-- Dumping data for table `token`
--

LOCK TABLES `token` WRITE;
/*!40000 ALTER TABLE `token` DISABLE KEYS */;
INSERT INTO `token` VALUES (358,'Happy',7,1),(359,'3rd',7,1),(360,'friendversary',7,1),(361,'thesismate',12,1),(362,'HAHAHA',12,1),(363,'Happy',7,2),(364,'3rd',7,2),(365,'anniversary',12,2),(366,'Janine',14,2),(367,'Tan',14,2),(368,'HAHA',14,2),(369,'D',14,2),(370,'Met',14,3),(371,'back',20,3),(372,'during',6,3),(373,'4th',7,3),(374,'year',12,3),(375,'HS',12,3),(376,'and',1,3),(377,'now',20,3),(378,'were',28,3),(379,'in',6,3),(380,'4th',7,3),(381,'year',12,3),(382,'college',12,3),(383,'insert',12,3),(384,'Jannie',14,3),(385,'and',1,3),(386,'Madge',14,3),(387,'THSST1',12,5),(388,'writing',29,6),(389,'our',19,6),(390,'thesis',12,6),(391,'paper',12,6),(392,'document',12,6),(393,'New',7,7),(394,'way',12,7),(395,'of',6,7),(396,'thesis',12,7),(397,'meeting',12,7),(398,'S19s',13,8),(399,'team',12,8),(400,'redef',12,8),(401,'HAHA',12,8),(402,'RoadToMOTA',14,9),(403,'HAHAHA',14,9),(404,'OMG',14,10),(405,'Park',14,10),(406,'Bo',14,10),(407,'Gum',14,10),(408,'in',6,10),(409,'Cebu',14,10),(410,'Janica',14,10),(411,'Mae',14,10),(412,'Lam',14,10),(413,'Shaila',14,10),(414,'Mae',14,10),(415,'Choa',14,10),(416,'DLSUTechSummit2016',12,11),(417,'3',2,11),(418,'WE',14,13),(419,'WANT',14,13),(420,'YOULa',14,13),(421,'Salle',14,13),(422,'Computer',14,13),(423,'Society',14,13),(424,'wants',32,13),(425,'you',18,13),(426,'to',25,13),(427,'become',27,13),(428,'the',3,13),(429,'very',20,13),(430,'best',9,13),(431,'If',6,13),(432,'you',18,13),(433,'want',31,13),(434,'to',25,13),(435,'become',27,13),(436,'an',3,13),(437,'innovator',12,13),(438,'of',6,13),(439,'technology',12,13),(440,'a',3,13),(441,'person',12,13),(442,'full',7,13),(443,'of',6,13),(444,'passion',12,13),(445,'for',6,13),(446,'service',12,13),(447,'and',1,13),(448,'an',3,13),(449,'explorer',12,13),(450,'of',6,13),(451,'a',3,13),(452,'whole',7,13),(453,'new',7,13),(454,'world',12,13),(455,'of',6,13),(456,'possibilities',13,13),(457,'catch',31,13),(458,'us',18,13),(459,'from',6,13),(460,'September',14,13),(461,'2630',2,13),(462,'8AM5PM',14,13),(463,'in',6,13),(464,'front',12,13),(465,'of',6,13),(466,'ISR',12,13),(467,'I',18,14),(468,'am',31,14),(469,'Robee',14,14),(470,'Khyra',14,14),(471,'Te',14,14),(472,'ID113',14,14),(473,'CSST',14,14),(474,'and',1,14),(475,'I',18,14),(476,'choose',31,14),(477,'La',14,14),(478,'Salle',14,14),(479,'Computer',14,14),(480,'Society',14,14),(481,'I',18,14),(482,'am',31,14),(483,'ready',7,14),(484,'to',25,14),(485,'become',27,14),(486,'the',3,14),(487,'very',20,14),(488,'best',20,14),(489,'and',1,14),(490,'catch',27,14),(491,'all',16,14),(492,'the',3,14),(493,'4sWE',12,14),(494,'WANT',14,14),(495,'YOU',18,14),(496,'to',25,14),(497,'be',27,14),(498,'a',3,14),(499,'part',12,14),(500,'of',6,14),(501,'this',3,14),(502,'too',20,14),(503,'Catch',27,14),(504,'us',18,14),(505,'from',6,14),(506,'September',14,14),(507,'2630',2,14),(508,'8AM5PM',14,14),(509,'in',6,14),(510,'front',12,14),(511,'of',6,14),(512,'ISR',14,14),(513,'See',27,14),(514,'you',18,14),(515,'happy',7,15),(516,'7th',7,15),(517,'D',12,15),(518,'httpsayscommyfun20thingsyoullonlyunderstandifyouwenttoachineseschool',12,16),(519,'Thank',27,17),(520,'you',18,17),(521,'for',6,17),(522,'this',3,17),(523,'3PS',12,17),(524,'hindi',12,17),(525,'po',12,17),(526,'ako',12,17),(527,'nadisappoint',12,17),(528,'na',25,17),(529,'ikaw',27,17),(530,'nagbigay',12,17),(531,'niyan',7,17),(532,'natouch',7,17),(533,'nga',12,17),(534,'ako',12,17),(535,'e',24,17),(536,'HAHA',14,17),(537,'HAHAHAHA',14,18),(538,'Janica',14,18),(539,'Mae',14,18),(540,'Lam',14,18),(541,'Jan',14,18),(542,'Kristoffer',14,18),(543,'Cheng',14,18),(544,'Jake',14,18),(545,'Seo',14,18),(546,'Jake',14,18),(547,'Lacquias',14,18),(548,'si',5,18),(549,'mac',5,18),(550,'mac',5,18),(551,'HAHAHAHAHA',12,18),(552,'c',12,19),(553,'Albert',14,19),(554,'Lorenz',14,19),(555,'Dizon',14,19),(556,'Angeline',14,20),(557,'J',14,20),(558,'Tan',14,20),(559,'Jennilyn',14,20),(560,'Wang',14,20),(561,'3',2,20),(562,'Saw',14,21),(563,'Lee',14,21),(564,'Byung',14,21),(565,'Hoon',14,21),(566,'inperson',12,21),(567,'and',1,21),(568,'had',28,21),(569,'a',3,21),(570,'moment',12,21),(571,'with',6,21),(572,'Kim',14,21),(573,'Woo',14,21),(574,'Bin',14,21),(575,'3',2,21),(576,'3',2,21),(577,'3',2,21),(578,'Miguel',14,25),(579,'Sietereales',14,25),(580,'Jennilyn',14,25),(581,'Wang',14,25),(582,'Bianca',14,25),(583,'Regala',14,25),(584,'Janica',14,25),(585,'Mae',14,25),(586,'Lam',14,25),(587,'Hi',14,26),(588,'John',14,26),(589,'Israel',14,26),(590,'Caingles',14,26),(591,'Janica',14,26),(592,'Mae',14,26),(593,'Lam',14,26),(594,'laro',12,26),(595,'na',25,26),(596,'din',27,26),(597,'HAHA',14,26),(598,'HAHAHA',14,28),(599,'ADVANOS',12,29),(600,'homework',12,29),(601,'The',3,30),(602,'expedition',12,30),(603,'has',32,30),(604,'arrived',30,30),(605,'The',3,30),(606,'captain',12,30),(607,'requested',28,30),(608,'to',25,30),(609,'land',27,30),(610,'immediately',20,30),(611,'to',25,30),(612,'find',27,30),(613,'out',23,30),(614,'more',8,30),(615,'about',6,30),(616,'this',3,30),(617,'planet',12,30),(618,'Find',27,30),(619,'out',23,30),(620,'this',3,30),(621,'March',14,30),(622,'2016',2,30),(623,'CCSDR2016',14,30),(624,'An',3,31),(625,'unknown',7,31),(626,'planet',12,31),(627,'has',32,31),(628,'been',30,31),(629,'found',30,31),(630,'in',6,31),(631,'our',19,31),(632,'galaxy',12,31),(633,'around',6,31),(634,'35',2,31),(635,'light',7,31),(636,'YEARS',13,31),(637,'away',20,31),(638,'We',18,31),(639,'have',31,31),(640,'sent',30,31),(641,'out',23,31),(642,'an',3,31),(643,'expedition',12,31),(644,'to',25,31),(645,'investigate',27,31),(646,'and',1,31),(647,'it',18,31),(648,'is',32,31),(649,'currently',20,31),(650,'on',6,31),(651,'its',19,31),(652,'way',12,31),(653,'to',25,31),(654,'its',19,31),(655,'destination',12,31),(656,'CCSDR2016',12,31),(657,'I',18,32),(658,'am',31,32),(659,'Robee',14,32),(660,'Khyra',14,32),(661,'Te',14,32),(662,'Associate',14,32),(663,'Vice',14,32),(664,'President',14,32),(665,'for',6,32),(666,'FinanceLSCS',14,32),(667,'gave',28,32),(668,'me',18,32),(669,'an',3,32),(670,'opportunity',12,32),(671,'to',25,32),(672,'use',27,32),(673,'my',19,32),(674,'skills',13,32),(675,'to',25,32),(676,'serve',27,32),(677,'my',19,32),(678,'college',12,32),(679,'It',18,32),(680,'also',20,32),(681,'helped',28,32),(682,'me',18,32),(683,'improve',27,32),(684,'as',6,32),(685,'an',3,32),(686,'officer',12,32),(687,'In',6,32),(688,'return',12,32),(689,'I',18,32),(690,'would',11,32),(691,'give',27,32),(692,'my',19,32),(693,'time',12,32),(694,'to',25,32),(695,'serve',27,32),(696,'this',3,32),(697,'org',12,32),(698,'3La',12,32),(699,'Salle',14,32),(700,'Computer',14,32),(701,'SocietyServing',14,32),(702,'you',18,32),(703,'since',6,32),(704,'1986Photo',12,32),(705,'by',6,32),(706,'Joanna',14,32),(707,'LauPostprocessed',14,32),(708,'by',6,32),(709,'the',3,32),(710,'Publicity',12,32),(711,'Creatives',15,32),(712,'Committee',14,32),(713,'Heneral',14,34),(714,'Miguel',14,34),(715,'Malvar',14,34);
/*!40000 ALTER TABLE `token` ENABLE KEYS */;
UNLOCK TABLES;

--
-- Table structure for table `work`
--

DROP TABLE IF EXISTS `work`;
/*!40101 SET @saved_cs_client     = @@character_set_client */;
/*!40101 SET character_set_client = utf8 */;
CREATE TABLE `work` (
  `id` int(11) NOT NULL AUTO_INCREMENT,
  `institution` varchar(5000) DEFAULT NULL,
  `date_started` varchar(45) DEFAULT NULL,
  `date_ended` varchar(45) DEFAULT NULL,
  `location` varchar(5000) DEFAULT NULL,
  `fbID` varchar(45) DEFAULT NULL,
  PRIMARY KEY (`id`)
) ENGINE=InnoDB AUTO_INCREMENT=8 DEFAULT CHARSET=utf8;
/*!40101 SET character_set_client = @saved_cs_client */;

--
-- Dumping data for table `work`
--

LOCK TABLES `work` WRITE;
/*!40000 ALTER TABLE `work` DISABLE KEYS */;
/*!40000 ALTER TABLE `work` ENABLE KEYS */;
UNLOCK TABLES;
/*!40103 SET TIME_ZONE=@OLD_TIME_ZONE */;

/*!40101 SET SQL_MODE=@OLD_SQL_MODE */;
/*!40014 SET FOREIGN_KEY_CHECKS=@OLD_FOREIGN_KEY_CHECKS */;
/*!40014 SET UNIQUE_CHECKS=@OLD_UNIQUE_CHECKS */;
/*!40101 SET CHARACTER_SET_CLIENT=@OLD_CHARACTER_SET_CLIENT */;
/*!40101 SET CHARACTER_SET_RESULTS=@OLD_CHARACTER_SET_RESULTS */;
/*!40101 SET COLLATION_CONNECTION=@OLD_COLLATION_CONNECTION */;
/*!40111 SET SQL_NOTES=@OLD_SQL_NOTES */;

-- Dump completed on 2017-03-10  1:38:17
